id,query,ground_truth_short,ground_truth_full,relevant_id,difficulty,answer_type,,,,,,,,,,
1,وادی ہنزہ کہاں واقع ہے؟,گلگت بلتستان میں,وادی ہنزہ پاکستان کے صوبے گلگت بلتستان میں واقع ہے۔,1,easy,factual,,,,,,,,,,
2,وادی ہنزہ کس پہاڑی سلسلے کے دامن میں ہے؟,کوہ قراقرم کے دامن میں,کوہ قراقرم کے دامن میں دریائے ہنزہ کے کنارے پھیلی ہوئی ہے,1,easy,factual,,,,,,,,,,
3,وادی ہنزہ کس دریا کے ساتھ پھیلی ہوئی ہے؟,دریائے ہنزہ کے کنارے,وادی ہنزہ دریائے ہنزہ کے ساتھ پھیلی ہوئی ہے۔,1,easy,factual,,,,,,,,,,
4,وادی ہنزہ کیوں مشہور ہے؟,پہاڑی مناظر باغات اور قدیم قلعوں کی وجہ سے,"وادی ہنزہ اپنے شاندار پہاڑی مناظر، پھلوں کے باغات اور قدیم قلعوں کی وجہ سے مشہور ہے۔",1,medium,list-recall,,,,,,,,,,
5,وادی ہنزہ کی سطح سمندر سے بلندی کتنی ہے؟,تقریبا 2438 میٹر,وادی ہنزہ کی سطح سمندر سے بلندی تقریبا 2438 میٹر ہے۔,2,easy,factual,,,,,,,,,,
6,وادی ہنزہ کی سرحدیں کن کن علاقوں سے ملتی ہیں؟,اشکومن شگر واخان کوریڈور اور سنکیانگ,"وادی ہنزہ کی سرحدیں شمال مغرب میں اشکومن، جنوب مشرق میں شگر، شمال میں واخان کوریڈور اور شمال مشرق میں سنکیانگ سے ملتی ہیں۔",2,medium,list-recall,,,,,,,,,,
7,وادی ہنزہ نگر ویلی سے کیسے ملتی ہے؟,ہسپر اور ہنزہ دریاؤں کے سنگم کے بعد,وادی ہنزہ ہسپر اور ہنزہ دریاؤں کے سنگم کے بعد نگر ویلی سے مل جاتی ہے۔,2,medium,list-recall,,,,,,,,,,
8,اسلام سے پہلے وادی ہنزہ میں کون سے مذاہب رائج تھے؟,بدھ مت اور بون مذہب,اسلام سے پہلے وادی ہنزہ میں بدھ مت اور کسی حد تک بون مذہب رائج تھے۔,3,easy,factual,,,,,,,,,,
9,ہنزہ کی مقدس چٹان اور وادی ہنزہ کی دیگر چٹانوں پر کون سے رسم الخط ملتے ہیں؟,براہمی رسم الخط اور خروشتی رسم الخط,"وادی ہنزہ کی چٹانوں پر قدیم براہمی رسم الخط میں تحریریں موجود ہیں، جبکہ ہنزہ کی مقدس چٹان پر خاص طور پر خروشتی رسم الخط میں تحریریں پائی جاتی ہیں۔","3,5",hard,multi-source,,,,,,,,,,
10,اسلام سے پہلے وادی ہنزہ میں رائج مذہب اور مقدس چٹان پر موجود آثار مل کر اس خطے کی قدیم تہذیب کے بارے میں کیا ظاہر کرتے ہیں؟,"ہنزہ میں بدھ مت رائج تھا اور مقدس چٹان پر بدھ مت سے متعلق آثار، خروشتی تحریریں اور قدیم نقوش موجود ہیں۔","اسلام سے پہلے وادی ہنزہ میں بدھ مت رائج تھا اور ہنزہ کی مقدس چٹان اس کا اہم نشان ہے۔ اس چٹان پر گھڑ سواروں اور آئبیکس کی تصویریں، خروشتی رسم الخط میں تحریریں اور کُشان دور کے نقوش موجود ہیں۔","3,5",hard,multi-source,,,,,,,,,,
11,وادی ہنزہ کی جغرافیائی سرحدیں اور اس کا محلِ وقوع اسے تاریخی تجارتی راستوں کے لیے کیوں اہم بناتا تھا؟,ہنزہ اہم سرحدی علاقوں سے ملتی تھی اور وسطی ایشیا و برصغیر کے تجارتی راستوں کا حصہ تھی۔,"وادی ہنزہ کی سرحدیں اشکومن، شگر، واخان کوریڈور اور سنکیانگ سے ملتی ہیں۔ یہ وسطی ایشیا اور برصغیر کو ملانے والے تجارتی راستوں کے نیٹ ورک میں اہم تھی اور بدھ راہبوں کے لیے محفوظ راستہ بھی فراہم کرتی تھی۔","2,4",hard,multi-source,,,,,,,,,,
12,وادی ہنزہ کی سرحدیں اور اس سے گزرنے والے تاریخی راستے مل کر اس کی علاقائی اہمیت کو کیسے واضح کرتے ہیں؟,ہنزہ اہم سرحدی علاقوں سے ملتی تھی اور تاریخی تجارتی راستوں میں اہم مقام رکھتی تھی۔,"وادی ہنزہ کی سرحدیں اشکومن، شگر، واخان کوریڈور اور سنکیانگ سے ملتی ہیں۔ یہ وسطی ایشیا اور برصغیر کو ملانے والے تجارتی راستوں کے نیٹ ورک میں اہم تھی اور بدھ راہبوں کے لیے محفوظ راستہ بھی فراہم کرتی تھی۔","2,4",hard,multi-source,,,,,,,,,,
13,ہنزہ کی مقدس چٹانوں پر تحریریں کس نے بنائیں؟,بدھ راہبوں نے,یہ تحریریں بدھ راہبوں نے عبادت اور ثقافت کے اظہار کے لیے بنائیں۔,3,medium,list-recall,,,,,,,,,,
14,تجارتی لحاظ سے وادی ہنزہ کن دو خطوں کو ملاتی تھی؟,وسطی ایشیا اور برصغیر,وادی ہنزہ وسطی ایشیا اور برصغیر کو ملانے والے تجارتی راستوں کے نیٹ ورک میں اہم تھی۔,4,easy,factual,,,,,,,,,,
15,بدھ راہبوں نے یہ تحریریں کس مقصد کے لیے بنائیں؟,عبادت اور ثقافت کے اظہار کے لیے,بدھ راہبوں نے یہ تحریریں عبادت اور ثقافت کے اظہار کے لیے بنائیں۔,3,medium,list-recall,,,,,,,,,,
16,ہنزہ کے لوگ کس مسلک سے تعلق رکھتے ہیں؟,اسماعیلی مسلک,ہنزہ کے زیادہ تر لوگ اسماعیلی مسلک سے تعلق رکھتے ہیں۔,3,easy,factual,,,,,,,,,,
17,وادی ہنزہ میں چٹانوں پر کس رسم الخط میں تحریریں ہیں؟,براہمی رسم الخط,وادی ہنزہ میں قدیم براہمی رسم الخط میں چٹانوں پر تحریریں موجود ہیں۔,3,easy,factual,,,,,,,,,,
18,وادی ہنزہ میں بدھ مت کے آثار کی کیا کیا شکلیں موجود ہیں؟,مقدس چٹان اور براہمی رسم الخط میں تحریریں,وادی ہنزہ میں بدھ مت کے آثار دو شکلوں میں موجود ہیں — ہنزہ کی مقدس چٹان اور براہمی رسم الخط میں چٹانوں پر بدھ راہبوں کی بنائی ہوئی تحریریں۔,3,medium,list-recall,,,,,,,,,,
19,وادی ہنزہ تجارت اور مذہب دونوں لحاظ سے کتنی اہم تھی؟,تجارتی راستوں میں اہم اور بدھ مت کے پھیلاؤ میں مددگار,وادی ہنزہ وسطی ایشیا اور برصغیر کو ملانے والے تجارتی راستوں میں اہم تھی اور ساتھ ہی بدھ راہبوں کے لیے محفوظ راستہ فراہم کر کے بدھ مت کے پھیلاؤ میں بھی کردار ادا کرتی تھی۔,4,medium,list-recall,,,,,,,,,,
20,وادی ہنزہ میں سیاح کون سی بلند چوٹیاں دیکھ سکتے ہیں؟,لیڈی فنگر اور الٹر,سیاح لیڈی فنگر اور الٹر جیسی 7000 میٹر اونچی چوٹیوں کا مشاہدہ کر سکتے ہیں۔,11,medium,list-recall,,,,,,,,,,
21,وادی ہنزہ میں کون سی بلند چوٹیاں دیکھی جا سکتی ہیں اور مقامی بروشاسکی زبان میں شکریہ کیسے کہا جاتا ہے؟,"7000 میٹر بلند چوٹیوں کا نظارہ؛ بروشاسکی میں شکریہ کے لیے ""جو نا","وادی ہنزہ میں سیاح لیڈی فنگر اور الٹر جیسی 7000 میٹر بلند چوٹیوں کے دلکش مناظر دیکھ سکتے ہیں۔ مقامی لوگوں سے بات چیت کے لیے بروشاسکی زبان کے چند الفاظ مددگار ثابت ہوتے ہیں، جیسے شکریہ کے لیے ""جو نا"" اور قیمت پوچھنے کے لیے ""گوسائی بروومار بی""۔","11,14",hard,multi-source,,,,,,,,,,
22,بروشاسکی میں قیمت پوچھنے کے لیے کیا کہتے ہیں؟,گوسائی بروومار بی,"بروشاسکی میں قیمت پوچھنے کے لیے ""گوسائی بروومار بی"" کہا جاتا ہے۔",14,easy,factual,,,,,,,,,,
23,وادی ہنزہ کے تین جغرافیائی حصے کون سے ہیں؟,اپر ہنزہ سنٹرل ہنزہ اور لوئر ہنزہ,"وادی ہنزہ کو جغرافیائی طور پر اپر ہنزہ (گوجال)، سنٹرل ہنزہ اور لوئر ہنزہ (شناکی) میں تقسیم کیا گیا ہے۔",2,medium,list-recall,,,,,,,,,,
24,وادی ہنزہ گلگت سے علیحدہ ریاست کے طور پر کب الگ  ہوئی اور یہ علیحدگی کب مکمل ہوئی؟,997 عیسوی میں شروع 15ویں صدی میں مکمل,تقریباً 997 عیسوی کے آس پاس علیحدگی شروع ہوئی اور 15ویں صدی میں ایّاش حکمران خاندان کے قیام کے ساتھ مکمل ہوئی۔,6,medium,list-recall,,,,,,,,,,
25,ہنزہ کی مقدس چٹان  کس تاریخی دور کی عکاسی کرتی ہے؟,بدھ مت کے دور کی,ہنزہ کی مقدس چٹان اس خطے میں بدھ مت کے قدیم دور اور اس کے اثرات کی عکاسی کرتی ہے۔,3,medium,list-recall,,,,,,,,,,
26,ضلع ہنزہ کے ثقافتی ورثے میں کون کون سے آثار شامل ہیں؟,التیت بلتیت قلعے پولو گراؤنڈ واچ ٹاورز مساجد اور ہلدیکش چٹانیں,ضلع ہنزہ میں التیت اور بلتیت قلعے تاریخی پولو گراؤنڈ واچ ٹاورز مساجد اور گنیش میں ہلدیکش مقدس چٹانیں ثقافتی ورثے میں شامل ہیں۔,10,medium,list-recall,,,,,,,,,,
27,ہنزہ میں کھانے پینے اور خریداری کے علاوہ سیاح مقامی ثقافت کا تجربہ کس طرح کر سکتے ہیں؟,روایتی لباس موسیقی رقص اور مقامی کھانوں سے,"ہنزہ میں سیاح روایتی لباس، موسیقی، رقص اور مقامی کھانوں کے ذریعے مقامی ثقافت کا تجربہ کر سکتے ہیں۔",12,medium,list-recall,,,,,,,,,,
28,ہنزہ کی مقدس چٹان سیاحوں اور تاریخ میں دلچسپی رکھنے والوں دونوں کے لیے کیوں اہم ہے؟,گھڑ سواروں اور آئبیکس کی تصویریں اور خروشتی تحریریں؛ بدھ مت کا اہم ورثہ,ہنزہ کی مقدس چٹان پر گھڑ سواروں اور آئبیکس کی تصویریں (پیٹروگلفس) اور خروشتی رسم الخط میں تحریریں موجود ہیں جو سیاح دیکھ سکتے ہیں۔ یہ چٹان مذہبی لحاظ سے اس لیے اہم ہے کہ یہ ہنزہ میں بدھ مت کے آثار میں سے ایک ہے۔,"5,3",hard,multi-source,,,,,,,,,,
29,ضلع ہنزہ کے ثقافتی ورثے اور قدرتی مناظر میں کون سے پہلو سیاحوں کو سب سے زیادہ متوجہ کرتے ہیں؟,التیت و بلتیت قلعے اور ہلدیکش مقدس چٹانیں؛ لیڈی فنگر اور الٹر کی چوٹیاں۔,"ضلع ہنزہ میں التیت اور بلتیت قلعے، تاریخی پولو گراؤنڈ، واچ ٹاورز، مساجد اور گنیش کی ہلدیکش مقدس چٹانیں اہم ثقافتی ورثہ ہیں، جبکہ سیاح لیڈی فنگر اور الٹر جیسی 7000 میٹر اونچی چوٹیوں کے دلکش مناظر بھی دیکھ سکتے ہیں۔","10,11",hard,multi-source,,,,,,,,,,
30,ہنزہ میں کون سے موسمی پھل ملتے ہیں جو سیاح وہاں جا کر چکھ سکتے ہیں؟,سیب خوبانی شہتوت چیری اور انگور,"ہنزہ میں سیاح سیب، خوبانی، شہتوت، چیری اور انگور جیسے مقامی پھل چکھ سکتے ہیں۔",12,medium,list-recall,,,,,,,,,,
31,ہنزہ میں مقامی لوگوں سے بات چیت کرنے کے لیے سیاح کون سی زبان استعمال کر سکتے ہیں؟,اردو اور انگریزی عام طور پر سمجھی جاتی ہیں,ہنزہ میں اردو اور انگریزی عام طور پر سمجھی جاتی ہیں اس لیے سیاح ان زبانوں میں بات چیت کر سکتے ہیں۔,12,medium,list-recall,,,,,,,,,,
32,وادی ہنزہ کی روایتی ثقافت اور مقامی زبانوں میں کیا تنوع پایا جاتا ہے؟,"ثقافت میں لباس، رقص، کھانے اور زبانوں میں بروشاسکی، شینا، واکھی کا تنوع","ہنزہ روایتی لباس، دھنوں، رقص اور کھانوں سے مالا مال ہے جبکہ یہاں بروشاسکی، شینا اور واکھی مقامی زبانیں بولی جاتی ہیں جو اس وادی کے ثقافتی تنوع کو ظاہر کرتی ہیں۔",12,medium,list-recall,,,,,,,,,,
33,عطا آباد جھیل پر جانے والے سیاح کیا کیا کر سکتے ہیں؟,بوٹنگ جیٹ سکینگ اور فشینگ,"عطا آباد جھیل پر سیاح بوٹنگ، جیٹ سکینگ اور فشینگ جیسی سرگرمیوں سے لطف اندوز ہو سکتے ہیں۔",13,medium,list-recall,,,,,,,,,,
34,ہنزہ میں سیاح مقامی لوگوں سے بات چیت کے لیے کون سی زبان استعمال کریں اور بروشاسکی کے کون سے الفاظ کام آ سکتے ہیں؟,اردو اور انگریزی سمجھی جاتی ہیں؛ جو نا بے حال بی لا گوسائی بروومار بی,"ہنزہ میں اردو اور انگریزی عام طور پر سمجھی جاتی ہیں۔ اس کے علاوہ بروشاسکی میں شکریہ کے لیے ""جو نا""، آپ کیسے ہیں کے لیے ""بے حال بی لا"" اور قیمت پوچھنے کے لیے ""گوسائی بروومار بی"" کہا جاتا ہے۔","12,14",hard,multi-source,,,,,,,,,,
35,عطا آباد جھیل وادی ہنزہ کا مشہور سیاحتی مقام کیوں سمجھی جاتی ہے؟,نیلے پانی اور آبی سرگرمیوں کی وجہ سے,"عطا آباد جھیل اپنے چمکدار نیلے پانی، خوبصورت مناظر اور بوٹنگ، جیٹ سکینگ اور فشینگ جیسی آبی سرگرمیوں کی وجہ سے وادی ہنزہ کے مشہور ترین سیاحتی مقامات میں شمار ہوتی ہے۔",13,medium,list-recall,,,,,,,,,,
36,"ہنزہ میں ایک دن میں قدرتی مناظر، تاریخی مقامات اور مقامی ثقافت تینوں کا تجربہ کہاں کہاں ممکن ہے؟","عطا آباد جھیل، التیت و بلتیت قلعے، ڈوئکر، پاسو و گلمٹ؛ روایتی موسیقی، رقص اور مقامی کھانے۔","ہنزہ میں عطا آباد جھیل کا نیلا پانی اور آبی سرگرمیاں، التیت و بلتیت قلعے، ڈوئکر گاؤں میں طلوع و غروب آفتاب اور وادی پاسو و گلمٹ کے مناظر قدرتی و تاریخی تجربہ دیتے ہیں جبکہ روایتی موسیقی، رقص اور مقامی پھل ثقافتی تجربے کا حصہ ہیں۔","13,12",hard,multi-source,,,,,,,,,,
37,بوریت جھیل کی سطح سمندر سے اونچائی کتنی ہے؟,"تقریباً 2,600 میٹر","بوریت جھیل کی سطح سمندر سے اونچائی تقریباً 2,600 میٹر ہے۔",15,easy,factual,,,,,,,,,,
38,بوریت جھیل کن جنگلی پرندوں کی پناہ گاہ ہے؟,"بطخوں، گیز اور ہنس کی","بوریت جھیل بطخوں، گیز اور ہنس جیسے جنگلی پرندوں کی اہم پناہ گاہ ہے۔",18,medium,list-recall,,,,,,,,,,
39,درہ خنجراب سردیوں میں کیوں بند رہتا ہے؟,سخت موسم کی وجہ سے,درہ خنجراب سردیوں میں سخت موسم کی وجہ سے بند رہتا ہے۔,21,easy,factual,,,,,,,,,,
40,ہنزہ جانے والے سیاح مقامی بروشاسکی زبان میں کون سے بنیادی الفاظ سیکھ کر جائیں؟,جو نا بے حال بی لا اور گوسائی بروومار بی,"ہنزہ میں بروشاسکی زبان میں شکریہ کے لیے ""جو نا""، آپ کیسے ہیں کے لیے ""بے حال بی لا"" اور قیمت پوچھنے کے لیے ""گوسائی بروومار بی"" کہا جاتا ہے۔",14,medium,list-recall,,,,,,,,,,
41,سوست قراقرم ہائی وے پر کس حیثیت سے جانا جاتا ہے؟,خنجراب پاس سے پہلے آخری پاکستانی قصبہ,سوست قراقرم ہائی وے پر خنجراب پاس سے پہلے واقع آخری پاکستانی قصبہ ہے۔,22,easy,factual,,,,,,,,,,
42,سوست میں پاکستان کی پہلی ڈرائی پورٹ کیا سہولت فراہم کرتی ہے؟,چین سے آنے والے تجارتی سامان کی کسٹم کلیئرنس,سوست میں واقع پاکستان کی پہلی ڈرائی پورٹ چین سے آنے والے تجارتی سامان کی کسٹم کلیئرنس کی سہولت فراہم کرتی ہے۔,23,easy,factual,,,,,,,,,,
43,تاریخ میں ہنزہ اور نگر کے تعلقات کیسے رہے؟,اندرونی جنگیں عام تھیں,ہنزہ اور اس کی پڑوسی ریاست نگر کے درمیان تاریخی طور پر اندرونی جنگیں اور تنازعات عام رہے ہیں۔,7,medium,list-recall,,,,,,,,,,
44,بوریت جھیل پرندوں کی پناہ گاہ کے طور پر کتنی اہم ہے اور سیاح اسے کب بہترین طریقے سے دیکھ سکتے ہیں؟,"بطخوں، گیز اور ہنس کی پناہ گاہ، بہترین وقت مارچ تا جون اور ستمبر تا نومبر","بوریت جھیل بطخوں، گیز اور ہنس جیسے جنگلی پرندوں کی اہم پناہ گاہ ہے اور ہجرت کرنے والے پرندوں کو دیکھنے کا بہترین وقت مارچ سے جون اور ستمبر سے نومبر کے درمیان ہے۔",18,medium,list-recall,,,,,,,,,,
45,پاسو گلیشیر کن گلیشیئرز سے جڑا ہوا ہے؟,بٹورا گلیشیر اور بٹورا مزتغ پہاڑی سلسلے کے دیگر گلیشیئرز سے,پاسو گلیشیر بٹورا گلیشیر اور بٹورا مزتغ پہاڑی سلسلے کے دیگر گلیشیئرز سے جڑا ہوا ہے۔,19,medium,list-recall,,,,,,,,,,
46,درہ خنجراب کی بلندی کتنی ہے اور یہ کن دو ملکوں کو آپس میں ملاتا ہے؟,"4,693 میٹر  پاکستان کے گلگت بلتستان کو چین کے سنکیانگ سے","درہ خنجراب 4,693 میٹر کی بلندی پر واقع ہے اور پاکستان کے گلگت بلتستان کو چین کے سنکیانگ سے ملاتا ہے۔",20,medium,list-recall,,,,,,,,,,
47,بوریت جھیل کی تاریخی اہمیت اور موجودہ ماحولیاتی صورتحال میں کیا فرق آیا ہے؟,پہلے میر آف ہنزہ کی شکار گاہ تھی اب حجم کم ہو رہا ہے,"بوریت جھیل تاریخی طور پر میر آف ہنزہ کی سردیوں کی شکار گاہ تھی لیکن اب زیر زمین رساو میں کمی، گلیشیئرز کے پگھلنے اور موسمیاتی تبدیلی کی وجہ سے جھیل کا حجم مسلسل کم ہوتا جا رہا ہے۔","16,17",hard,multi-source,,,,,,,,,,
48,درہ خنجراب کو 'گیٹ وے ٹو چائنا' کیوں کہا جاتا ہے اور اس کی جغرافیائی خصوصیت کیا ہے؟,"پاکستان کو چین سے ملاتا ہے اور 4,693 میٹر بلند دنیا کی بلند ترین سرحدی گزرگاہوں میں سے ایک ہے","درہ خنجراب 4,693 میٹر کی بلندی پر واقع دنیا کی بلند ترین بین الاقوامی سرحدی گزرگاہوں میں سے ایک ہے جو پاکستان کے گلگت بلتستان کو چین کے سنکیانگ سے ملاتا ہے، اس لیے اسے 'گیٹ وے ٹو چائنا' کہا جاتا ہے۔",20,medium,list-recall,,,,,,,,,,
49,خنجراب نام کا مطلب کیا ہے اور یہ کس زبان سے ماخوذ ہے؟,"وخی زبان سے، مطلب خون کی وادی",خنجراب نام مقامی وخی زبان کے دو الفاظ سے ماخوذ ہے جن کا مطلب خون کی وادی ہے۔,21,medium,list-recall,,,,,,,,,,
50,درہ خنجراب کے نام کا مطلب اور اس کی موسمی صورتحال اس علاقے کے بارے میں کیا بتاتے ہیں؟,خون کی وادی کا نام اور سردیوں میں بندش دونوں اس خطے کی سختی ظاہر کرتے ہیں,خنجراب کا مطلب خون کی وادی ہے جو اس علاقے کے مشکل خطوں کی عکاسی کرتا ہے اور یہی سختی سردیوں میں درے کی بندش کی وجہ بھی بنتی ہے۔,21,medium,list-recall,,,,,,,,,,
51,بوریت جھیل ضلع ہنزہ کے کس علاقے کے قریب واقع ہے؟,غلکین کے قریب حسینی کے شمال مغرب میں,بوریت جھیل بالائی ہنزہ میں گوجال کے علاقے غلکین کے قریب حسینی کے شمال مغرب میں واقع ہے۔,25,easy,factual,,,,,,,,,,
52,بوریت جھیل کے کنارے میر آف ہنزہ کے لیے بنایا گیا چھوٹا مکان آج کس نام سے جانا جاتا ہے؟,بوریت لیک ہوٹل,جھیل کے کنارے پہاڑی پر میر کے لیے بنایا گیا چھوٹا مکان آج بوریت لیک ہوٹل کے نام سے جانا جاتا ہے۔,16,easy,factual,,,,,,,,,,
53,سوست کی سطح سمندر سے اونچائی کتنی ہے اور یہ گلگت شہر سے کتنے فاصلے پر ہے؟,"2,800 میٹر، گلگت سے 184 کلومیٹر","سوست سطح سمندر سے 2,800 میٹر کی بلندی پر واقع ہے اور شاہراہ قراقرم پر گلگت شہر سے 184 کلومیٹر کے فاصلے پر ہے۔",22,medium,list-recall,,,,,,,,,,
54,سوست کی تجارتی اہمیت اور چین سے رابطے میں کیا تعلق ہے؟,پہلی ڈرائی پورٹ اور پاک چین تمام ٹریفک کا گزرگاہ ہونا,سوست میں پاکستان کی پہلی ڈرائی پورٹ چین سے آنے والے تجارتی سامان کی کسٹم کلیئرنس کرتی ہے اور پاک چین سرحد عبور کرنے والی تمام ٹریفک یہاں سے گزرتی ہے جو اسے ایک اہم تجارتی مرکز بناتا ہے۔,23,medium,list-recall,,,,,,,,,,
55,سوست گاؤں میں کون کون سی زبانیں بولی جاتی ہیں؟,واخی اور بروشسکی,سوست گاؤں میں لوگ واخی اور بروشسکی زبانیں بولتے ہیں۔,24,medium,list-recall,,,,,,,,,,
56,قراقرم ہائی وے سے پہلے درہ کِلک اور منٹاکا پاس کس مقصد کے لیے استعمال ہوتے تھے؟,پاکستان اور ہندوستان کو تاشقرغان سے ملانے والے کارواں کے روایتی راستوں کے طور پر,قراقرم ہائی وے کے قائم ہونے سے پہلے یہ گزرگاہیں پاکستان اور ہندوستان کو تاشقرغان سے ملانے والے کارواں کے روایتی راستوں کے طور پر استعمال ہوتی تھیں۔,27,easy,factual,,,,,,,,,,
57,اسلام آباد سے سوست تک پہنچنے کا راستہ کیا ہے؟,گلگت پرواز کر کے شاہراہ قراقرم کے ذریعے,اسلام آباد سے گلگت پرواز کر کے شاہراہ قراقرم کے ذریعے سوست پہنچا جا سکتا ہے۔,25,medium,list-recall,,,,,,,,,,
58,بوریت جھیل پر ہجرت کرنے والے پرندوں کو دیکھنے کا بہترین وقت کون سا ہے؟,مارچ سے جون اور ستمبر سے نومبر,بوریت جھیل پر ہجرت کرنے والے پرندوں کو دیکھنے کا بہترین وقت مارچ سے جون اور ستمبر سے نومبر کے درمیان ہے۔,18,easy,factual,,,,,,,,,,
59,وادی مسگر جغرافیائی لحاظ سے کہاں واقع ہے؟,ضلع ہنزہ میں چین اور افغانستان کی سرحدوں کے قریب,وادی مسگر گلگت بلتستان کے ضلع ہنزہ میں چین اور افغانستان کی سرحدوں کے قریب واقع ہے۔,28,easy,factual,,,,,,,,,,
60,منٹاکا پاس اور درہ کِلک بالترتیب کن ممالک کو آپس میں ملاتے ہیں؟,منٹاکا پاس پاکستان کو چین سے اور درہ کِلک افغانستان کی طرف جاتا ہے,منٹاکا پاس پاکستان کو چین سے ملاتا ہے جبکہ درہ کِلک مسافروں کو افغانستان کی طرف لے جاتا ہے۔,26,medium,list-recall,,,,,,,,,,
61,کریم آباد پہلے کس نام سے جانا جاتا تھا؟,بلتیت,کریم آباد پہلے بلتیت کے نام سے جانا جاتا تھا۔,30,easy,factual,,,,,,,,,,
62,قلمدارچی قلعہ کب اور کس دور میں تعمیر کیا گیا؟,1932-1933 میں برطانوی دور حکومت میں,قلمدارچی قلعہ 1932-1933 میں برطانوی دور حکومت میں تعمیر کیا گیا۔,31,easy,factual,,,,,,,,,,
63,قلمدارچی قلعہ کس مقصد کے لیے تعمیر کیا گیا تھا؟,چین اور افغانستان سے آنے والی مداخلتوں کو روکنے کے لیے,قلمدارچی قلعہ چین اور افغانستان سے آنے والی مداخلتوں کو روکنے کے لیے بنایا گیا تھا۔,31,easy,factual,,,,,,,,,,
64,بلتیت قلعہ تاریخی طور پر ہنزہ میں کس حیثیت کا حامل تھا؟,ریاست ہنزہ کا دارالحکومت,بلتیت قلعہ ریاست ہنزہ کا دارالحکومت تھا۔,32,easy,factual,,,,,,,,,,
65,بلتیت قلعہ کتنے عرصے تک ہنزہ کے شاہی خاندان عیاشکتز کا گھر رہا؟,700 سال تک,بلتیت قلعہ 700 سال تک ہنزہ کے شاہی خاندان عیاشکتز کا گھر رہا۔,33,easy,factual,,,,,,,,,,
66,بوریت جھیل کا حجم کم ہونے کی کیا وجوہات ہیں؟,"زیر زمین رساو میں کمی، گلیشیئرز کا پگھلنا اور موسمیاتی تبدیلی","بوریت جھیل کا حجم زیر زمین رساو میں کمی، گلیشیئرز کے پگھلنے اور موسمیاتی تبدیلی کے اثرات کی وجہ سے کم ہوگیا ہے۔",27,medium,list-recall,,,,,,,,,,
67,مسگر میں انگریزوں کا تعمیر کردہ کلام درچی قلعہ کس مقصد کے لیے بنایا گیا تھا؟,روسی اور چینی پیش قدمی پر نظر رکھنے کے لیے,مسگر میں انگریزوں کا تعمیر کردہ کلام درچی قلعہ روسی اور چینی پیش قدمی پر نظر رکھنے کے لیے بنایا گیا تھا۔,17,medium,list-recall,,,,,,,,,,
68,ہنزہ پہلے کس نام سے جانی جاتی تھی اور اس پر کون حکومت کرتے تھے؟,"کنجوت، موروثی بادشاہ میر تھم",ہنزہ پہلے کنجوت کے نام سے جانی جاتی تھی اور اس پر موروثی بادشاہ میر تھم حکومت کرتے تھے۔,33,medium,list-recall,,,,,,,,,,
69,بلتیت قلعہ یونیسکو کے عالمی ثقافتی ورثے کی فہرست میں کب شامل ہوا؟,2004 سے,بلتیت قلعہ 2004 سے یونیسکو کے عالمی ثقافتی ورثے کی فہرست میں شامل ہے۔,35,easy,factual,,,,,,,,,,
70,1891 میں برطانوی فوجیوں نے ہنزہ پر حملہ کیوں کیا؟,روسی اثر و رسوخ کو روکنے کی حکمت عملی کے تحت,1891 میں برطانوی فوجیوں نے روسی اثر و رسوخ کو روکنے کی حکمت عملی کے تحت ہنزہ پر حملہ کیا اور بلتیت قلعہ پر قبضہ کر لیا۔,34,medium,list-recall,,,,,,,,,,
71,بلتیت قلعہ کب ترک کیا گیا اور کسے عطیہ کیا گیا؟,1945 میں — میر غضنفر علی خان نے قلعہ بلتیت ہیریٹیج ٹرسٹ کو,قلعہ 1945 میں ترک کر دیا گیا اور میر غضنفر علی خان نے اسے قلعہ بلتیت ہیریٹیج ٹرسٹ کو عطیہ کر دیا۔,34,medium,list-recall,,,,,,,,,,
72,وادی مسگر اور قلمدارچی قلعے کا آپس میں کیا تعلق ہے؟,مسگر میں انگریزوں کا بنایا کلام درچی قلعہ اور قلمدارچی قلعہ دونوں چین افغانستان مداخلت روکنے کے لیے تھے,وادی مسگر میں انگریزوں کا تعمیر کردہ کلام درچی قلعہ روسی اور چینی پیش قدمی روکنے کے لیے بنایا گیا تھا جبکہ قلمدارچی قلعہ بھی اسی مقصد یعنی چین اور افغانستان سے مداخلتیں روکنے کے لیے تعمیر کیا گیا تھا۔,"29,31",hard,multi-source,,,,,,,,,,
73,بلتیت قلعے کی 700 سالہ شاہی تاریخ اور برطانوی قبضے میں کیا تعلق ہے؟,700 سال شاہی گھر رہا پھر 1891 میں برطانویوں نے روسی اثر روکنے کے لیے قبضہ کیا,بلتیت قلعہ 700 سال تک ہنزہ کے شاہی خاندان کا گھر رہا لیکن 1891 میں برطانوی فوجیوں نے روسی اثر و رسوخ روکنے کی حکمت عملی کے تحت ہنزہ پر حملہ کر کے اس قلعے پر قبضہ کر لیا۔,"33,34",hard,multi-source,,,,,,,,,,
74,بلتیت قلعے کی بحالی اور عالمی ورثے کی حیثیت حاصل کرنے کا عمل کیسے ممکن ہوا؟,"1945 میں ترک ہوا، ہیریٹیج ٹرسٹ کو عطیہ ہوا، آغا خان ٹرسٹ نے بحالی کی اور 2004 میں یونیسکو فہرست میں شامل ہوا","قلعہ 1945 میں ترک کر کے قلعہ بلتیت ہیریٹیج ٹرسٹ کو عطیہ کیا گیا، آغا خان ٹرسٹ فار کلچر نے اس کی تزئین و آرائش کی اور 2004 میں یہ یونیسکو کے عالمی ثقافتی ورثے کی فہرست میں شامل ہو گیا۔","34,35",hard,multi-source,,,,,,,,,,
75,اسکردو کس ڈویژن میں واقع ہے؟,بلتستان ڈویژن میں,ضلع اسکردو بلتستان ڈویژن میں واقع ہے۔,36,easy,factual,,,,,,,,,,
76,اسکردو کن دو دریاؤں کے سنگم کے قریب واقع ہے؟,دریائے سندھ اور دریائے شیوک,اسکردو دریائے سندھ اور دریائے شیوک کے سنگم کے قریب واقع ہے۔,36,medium,list-recall,,,,,,,,,,
77,وادی اسکردو کون سی بلند چوٹیوں تک رسائی فراہم کرتی ہے؟,گاشربرم K2 اور K3,"وادی اسکردو گاشربرم، K2 اور K3 جیسی بلند ترین چوٹیوں تک رسائی فراہم کرتی ہے۔",36,medium,list-recall,,,,,,,,,,
78,اسکردو کس چیز کے لیے مشہور ہے؟,مہمان نوازی اور ثقافتی روایات,اسکردو اپنی مہمان نوازی اور ثقافتی روایات کے لیے مشہور ہے۔,36,medium,list-recall,,,,,,,,,,
79,اسکردو کے لوگوں کی مادری زبان کیا ہے؟,بلتی,اسکردو کے لوگوں کی مادری زبان بلتی ہے۔,37,easy,factual,,,,,,,,,,
80,اسکردو میں بلتی کے علاوہ کون سی زبانیں بولی جاتی ہیں؟,اردو اور انگریزی,اسکردو میں بلتی کے علاوہ اردو اور انگریزی بھی وسیع پیمانے پر بولی اور سمجھی جاتی ہیں۔,37,medium,list-recall,,,,,,,,,,
81,اسکردو کے نمایاں سیاحتی مقامات کون سے ہیں؟,کھرپوچو قلعہ سدپارہ جھیل کچورا جھیل اور شنگریلا جھیل,"اسکردو کے نمایاں سیاحتی مقامات میں کھرپوچو قلعہ، مانتھل  چٹان، سدپارہ جھیل، کچورا جھیل اور شنگریلا جھیل شامل ہیں۔",38,medium,list-recall,,,,,,,,,,
82,مانتھل چٹان کو اور کس نام سے جانا جاتا ہے؟,بدھا چٹان,مانتھل چٹان کو بدھا چٹان بھی کہا جاتا ہے۔,38,easy,factual,,,,,,,,,,
83,کٹپانا کے ریتلے ٹیلے کیوں مشہور ہیں؟,سرد صحرا کے نام سے مشہور ہیں,کٹپانا کے ریتلے ٹیلے سرد صحرا کے نام سے مشہور ہیں اور اس خطے کے قدرتی حسن کو بڑھاتے ہیں۔,38,easy,factual,,,,,,,,,,
84,دیوسائی کی سطح سمندر سے اوسط بلندی کتنی ہے؟,اوسطاً 4114 میٹر,دیوسائی سطح سمندر سے اوسطاً 4114 میٹر کی بلندی پر واقع ہے۔,39,easy,factual,,,,,,,,,,
85,دیوسائی  کو بلتی زبان میں  کیا کہا جاتا ہے؟,"بلتی زبان میں اسے ""گھبیارسا"" کہا جاتا ہے، یعنی ""گرمیوں کی جگہ""","بلتی زبان میں اسے ""گھبیارسا"" کہا جاتا ہے، یعنی ""گرمیوں کی جگہ""، کیونکہ یہ صرف گرمیوں میں قابل رسائی ہوتا ہے۔",39,easy,factual,,,,,,,,,,
86,دیوسائی میں کون سے نمایاں جانور پائے جاتے ہیں؟,ہمالیائی مارموٹ اور براؤن بیئر,دیوسائی میں ہمالیائی مارموٹ اور براؤن بیئر نمایاں جانور ہیں۔,40,medium,list-recall,,,,,,,,,,
87,دیوسائی میں شیوسر جھیل کو اور کیا کہتے ہیں؟,بلائنڈ لیک,شیوسر جھیل کو بلائنڈ لیک بھی کہا جاتا ہے۔,40,easy,factual,,,,,,,,,,
88,دیوسائی میں موسم بہار کا منظر کیسا ہوتا ہے؟,رنگ برنگے جنگلی پھول اور نازک تتلیاں,موسم بہار میں رنگ برنگے جنگلی پھول اور نازک تتلیاں شیوسر جھیل کے اردگرد غیر معمولی خوبصورتی پیدا کرتی ہیں۔,41,medium,list-recall,,,,,,,,,,
89,دیوسائی نیشنل پارک کن دو اضلاع کے درمیان واقع ہے؟,اسکردو اور استور,دیوسائی نیشنل پارک اسکردو اور استور کے اضلاع کے درمیان واقع ہے۔,42,easy,factual,,,,,,,,,,
90,دیوسائی کے راستے اسکردو اور استور کے درمیان فاصلہ کتنا ہے؟,تقریباً 152 کلومیٹر,دیوسائی کے راستے سے اسکردو اور استور کے درمیان فاصلہ تقریباً 152 کلومیٹر ہے۔,42,easy,factual,,,,,,,,,,
91,دیوسائی میں کون سی سیاحتی سرگرمیاں دستیاب ہیں؟,ٹریکنگ کوہ پیمائی کیمپنگ اور ماہی گیری,"دیوسائی میں مہم جو سیاحوں کے لیے ٹریکنگ، کوہ پیمائی، کیمپنگ اور ماہی گیری جیسی سرگرمیاں دستیاب ہیں۔",43,medium,list-recall,,,,,,,,,,
92,اسکردو کی جغرافیائی اہمیت اور سیاحتی مقامات میں کیا تعلق ہے؟,اہم پہاڑی راستوں پر واقع ہے اور K2 تک رسائی کے ساتھ متعدد جھیلیں اور قلعے بھی ہیں,"اسکردو دنیا کی بلند ترین چوٹیوں جیسے K2 تک جانے والے راستوں پر واقع ہے اور یہاں کھرپوچو قلعہ، سدپارہ جھیل، کچورا جھیل اور شنگریلا جھیل جیسے سیاحتی مقامات بھی موجود ہیں۔","36,38",hard,multi-source,,,,,,,,,,
93,اسکردو اور دیوسائی کا آپس میں کیا جغرافیائی تعلق ہے اور دونوں سیاحت کے لیے کیوں اہم ہیں؟,اسکردو K2 تک رسائی دیتا ہے اور دیوسائی اسکردو کے ضلع میں واقع بلند ترین سطح مرتفع ہے,"اسکردو دنیا کی بلند ترین چوٹیوں جیسے K2 اور K3 تک رسائی فراہم کرنے والا اہم مرکز ہے، جبکہ دیوسائی سطح سمندر سے تقریباً 4,114 میٹر کی بلندی پر واقع دنیا کے بلند ترین سطح مرتفع میں شمار ہوتا ہے۔ یہ دونوں مقامات اپنی قدرتی خوبصورتی اور سیاحتی اہمیت کی وجہ سے قابل ذکر ہیں۔","36,39",hard,multi-source,,,,,,,,,,
94,ضلع دیامر میں کتنے سے زائد قدیم نوشتہ جات اور نقوش موجود ہیں؟,35 ہزار سے زائد,ضلع دیامر میں 35 ہزار سے زائد قدیم نوشتہ جات اور نقوش موجود ہیں۔,45,easy,factual,,,,,,,,,,
95,دیامر بھاشا ڈیم کس لحاظ سے اہم ہے؟,ملک کا سب سے بڑا آبی بجلی منصوبہ,دیامر بھاشا ڈیم ملک کا سب سے بڑا آبی بجلی منصوبہ ہے جو خطے کی معاشی اور توانائی کی اہمیت میں اضافہ کرتا ہے۔,46,easy,factual,,,,,,,,,,
96,دیامر میں کون کون سے تاریخی آثار پائے جاتے ہیں؟,قدیم نوشتہ جات چٹانوں پر نقوش اور پتھروں پر کندہ تصاویر,دیامر میں قدیم نوشتہ جات چٹانوں پر نقوش اور پتھروں پر کندہ تصاویر پائی جاتی ہیں۔,45,medium,list-recall,,,,,,,,,,
97,ضلع دیامر کی تاریخی اور ثقافتی اہمیت کن عوامل سے ظاہر ہوتی ہے؟,قدیم نوشتہ جات اور مقامی زبان شینا,ضلع دیامر کی تاریخی اہمیت قدیم نوشتہ جات اور چٹانوں پر نقوش سے ظاہر ہوتی ہے جبکہ اس کی ثقافتی شناخت مقامی زبان شینا سے نمایاں ہوتی ہے۔,"45,47",hard,multi-source,,,,,,,,,,
98,جھیل گانچھے سے کون سی چوٹیاں نظر آتی ہیں اور ضلع گانچھے میں مہم جو سیاحوں کے لیے کیا سرگرمیاں موجود ہیں؟,"K2، براڈ پیک اور گاشر برم کی چوٹیاں؛ گونڈوغورو پاس، ٹریکنگ، کیمپنگ اور ٹراؤٹ مچھلی کا شکار۔","جھیل گانچھے سے K2، براڈ پیک، گاشر برم 4، گاشر برم 3، گاشر برم 2، K6، K7، ہرنامی کا اور چوغو لنگسا چوٹی سمیت دنیا کی بلند ترین چوٹیوں کا نظارہ کیا جا سکتا ہے۔ ضلع گانچھے میں گونڈوغورو پاس دنیا کے مشہور اور دشوار گزار ٹریکس میں شمار ہوتا ہے، جبکہ ٹریکنگ، کیمپنگ اور ٹراؤٹ مچھلی کا شکار مقبول سرگرمیاں ہیں۔","94,88",hard,multi-source,,,,,,,,,,
99,وادی ہنزہ کے قدرتی مناظر اور روایتی ثقافت میں کیا امتزاج پایا جاتا ہے؟,7000 میٹر چوٹیاں؛ روایتی لباس موسیقی اور مقامی پھل,"وادی ہنزہ لیڈی فنگر اور الٹر جیسی 7000 میٹر بلند چوٹیوں کے دلکش مناظر پیش کرتی ہے۔ ثقافتی طور پر یہاں روایتی لباس، موسیقی اور رقص کے علاوہ سیب، خوبانی اور چیری جیسے مقامی پھل بھی مشہور ہیں۔","11,12",hard,multi-source,,,,,,,,,,
100,وادی ہنزہ کے تاریخی دور میں پڑوسی طاقتوں کے ساتھ کیسے تعلقات رہے؟,ساکا حملے کا راستہ؛ چین کو سالانہ سونے کا خراج,"وادی ہنزہ تاریخی طور پر ساکا حملہ آوروں کے راستے کے طور پر استعمال ہوئی، جنہوں نے قراقرم کے راستے ٹیکسلا پر حملہ کیا۔ بعد میں جب کاشغریہ چین کے زیرِ کنٹرول آیا تو میرِ ہنزہ نے چینی حکومت کو ہر سال سونے کی دھول بطور خراج دینا شروع کیا۔","4,9",hard,multi-source,,,,,,,,,,
101,اسکردو کی جغرافیائی اہمیت اور ثقافتی شناخت کی نمایاں خصوصیات کیا ہیں؟,دریاؤں کے سنگم پر K2 تک رسائی؛ بلتی زبان اور اردو انگریزی,"اسکردو دریائے سندھ اور دریائے شیوک کے سنگم کے قریب واقع ہے اور K2 جیسی بلند ترین چوٹیوں تک رسائی فراہم کرتا ہے۔ ثقافتی اعتبار سے یہاں کی مادری زبان بلتی ہے، جبکہ اردو اور انگریزی بھی وسیع پیمانے پر سمجھی جاتی ہیں۔","36,37",hard,multi-source,,,,,,,,,,
102,ضلع دیامر کی اہمیت تاریخ ثقافت اور معیشت کے لحاظ سے کیوں نمایاں ہے؟,قدیم آثار شینا زبان اور دیامر بھاشا ڈیم کی وجہ سے,ضلع دیامر اپنی تاریخی اہمیت قدیم آثار ثقافتی شناخت شینا زبان اور معاشی اہمیت دیامر بھاشا ڈیم کی وجہ سے نمایاں حیثیت رکھتا ہے۔,"45,46,47",hard,multi-source,,,,,,,,,,
103,ضلع دیامر کی مقامی زبان کون سی ہے؟,شینا,ضلع دیامر کی مقامی زبان شینا ہے جبکہ اردو اور انگریزی بھی عام طور پر بولی جاتی ہیں۔,47,easy,factual,,,,,,,,,,
104,ضلع دیامر میں کون کون سی زبانیں بولی جاتی ہیں؟,شینا اردو اور انگریزی,ضلع دیامر میں شینا مقامی زبان ہے جبکہ اردو اور انگریزی بھی وسیع پیمانے پر بولی جاتی ہیں۔,47,medium,list-recall,,,,,,,,,,
105,ضلع دیامر کی اہم وادیوں میں کون کون سی شامل ہیں؟,تانگیر داریل چلاس بونر داس گونر فارم اور رائیکوٹ,ضلع دیامر کی اہم وادیوں میں تانگیر داریل چلاس بونر داس گونر فارم اور رائیکوٹ شامل ہیں۔,48,medium,list-recall,,,,,,,,,,
106,فیری میڈوز کی سیاحتی حیثیت کیا ہے؟,ملکی اور غیر ملکی سیاحوں دونوں میں بہت مقبول,فیری میڈوز ضلع دیامر کا ایک خوبصورت سیاحتی مقام ہے جو ملکی اور غیر ملکی سیاحوں دونوں میں بہت مقبول ہے۔,50,medium,list-recall,,,,,,,,,,
107,ضلع دیامر میں آثار قدیمہ کا مرکز کون سا علاقہ ہے؟,چلاس,چلاس ضلع دیامر میں آثار قدیمہ اور تاریخی مقامات کا اہم مرکز سمجھا جاتا ہے۔,49,easy,factual,,,,,,,,,,
108,",فیری میڈوز کس لیے مشہور ہے؟",خوبصورت سیاحتی مقام ہونے کی وجہ سے,فیری میڈوز ضلع دیامر کا ایک خوبصورت سیاحتی مقام ہے جو ملکی اور غیر ملکی سیاحوں میں بہت مقبول ہے۔,50,easy,factual,,,,,,,,,,
109,داریل وادی گلگت شہر سے کتنے فاصلے پر واقع ہے؟ ,226 کلومیٹر,داریل وادی  گلگت شہر  سے تقریباً 226 کلومیٹر کے فاصلے پر واقع ہے۔,52,easy,factual,,,,,,,,,,
110,ضلع دیامر کی کون سی وادیاں تاریخی اور سیاحتی اہمیت رکھتی ہیں؟,چلاس اور فیری میڈوز,چلاس آثار قدیمہ کی وجہ سے تاریخی اہمیت رکھتا ہے جبکہ فیری میڈوز قدرتی خوبصورتی کی وجہ سے اہم سیاحتی مقام سمجھا جاتا ہے۔,"49,50",hard,multi-source,,,,,,,,,,
111,نانگا پربت کو خطے کے لیے اہم کیوں سمجھا جاتا ہے؟,قدرتی خوبصورتی اور سیاحتی اہمیت کی وجہ سے,نانگا پربت خطے کی قدرتی خوبصورتی اور سیاحتی اہمیت میں اضافہ کرتا ہے۔,51,easy,factual,,,,,,,,,,
112,ضلع دیامر میں عام سیاحت اور قدرتی پہاڑی مقامات کے لیے کون سے دو نمایاں مقامات جانے جاتے ہیں؟,فیری میڈوز اور نانگا پربت,"فیری میڈوز ملکی اور غیر ملکی سیاحوں میں بہت مقبول ایک خوبصورت سیاحتی مقام ہے، جبکہ نانگا پربت بھی ضلع دیامر کی قدرتی خوبصورتی اور سیاحتی اہمیت میں اضافہ کرتا ہے۔","50,51",hard,multi-source,,,,,,,,,,
113,داریل وادی کی سرحدیں کن اضلاع سے ملتی ہیں؟,غذر گلگت دیامر اور اپر کوہستان,داریل کی سرحدیں غذر گلگت دیامر اور اپر کوہستان اضلاع سے ملتی ہیں۔,53,medium,list-recall,,,,,,,,,,
114,داریل وادی اسلام آباد سے کتنے فاصلے پر واقع ہے؟,443 کلومیٹر,داریل وادی اسلام آباد سے تقریباً 443 کلومیٹر کے فاصلے پر واقع ہے۔,52,easy,factual,,,,,,,,,,
115,داریل وادی کہاں واقع ہے؟,ضلع دیامر میں,داریل وادی ضلع دیامر میں دریائے داریل کے کنارے واقع ہے۔,52,easy,factual,,,,,,,,,,
116,داریل وادی تک رسائی کا راستہ کہاں سے گزرتا ہے؟,شاتیال کے قریب پولیس چوکی کے راستے دریائے داریل کے ساتھ,داریل وادی تک شاہراہ قراقرم سے شاتیال کے قریب پولیس چوکی کے راستے رسائی حاصل کی جا سکتی ہے اور دریائے داریل کے ساتھ ساتھ ایک سڑک وادی تک جاتی ہے۔,54,medium,list-recall,,,,,,,,,,
117,دریائے داریل کس بڑے دریا کا معاون دریا ہے؟,دریائے سندھ کا,دریائے داریل دریائے سندھ کا معاون دریا ہے۔,53,easy,factual,,,,,,,,,,
118,داریل وادی تک رسائی کس شاہراہ کے ذریعے حاصل کی جا سکتی ہے؟,شاہراہ قراقرم کے ذریعے,داریل وادی تک شاہراہ قراقرم سے رسائی حاصل کی جا سکتی ہے۔,54,easy,factual,,,,,,,,,,
119,داریل وادی کن قدرتی خصوصیات کے لیے مشہور ہے؟,چراگاہوں زرخیز زمین اور خزاں کے رنگوں کے لیے,داریل وادی خوبصورت مناظر چراگاہوں زرخیز زمین اور خزاں کے رنگوں کے لیے مشہور ہے۔,55,medium,list-recall,,,,,,,,,,
120,داریل وادی کی جغرافیائی اور قدرتی اہمیت کن عوامل سے ظاہر ہوتی ہے؟,دریائے داریل سرحدی محل وقوع اور قدرتی مناظر سے,داریل وادی کی جغرافیائی اہمیت دریائے داریل اور اس کی سرحدوں سے جبکہ قدرتی اہمیت خوبصورت مناظر اور چراگاہوں سے ظاہر ہوتی ہے۔,"53,55",hard,multi-source,,,,,,,,,,
121,داریل وادی سیاحوں کے لیے پرکشش کیوں سمجھی جاتی ہے؟,قدرتی مناظر اور خزاں کی خوبصورتی کی وجہ سے,داریل وادی قدرتی مناظر چراگاہوں اور خزاں کے موسم میں رنگ برنگے درختوں کی وجہ سے سیاحوں کے لیے پرکشش سمجھی جاتی ہے۔,55,medium,list-recall,,,,,,,,,,
122,چلاس کس ضلع میں واقع ہے؟,ضلع دیامر میں,چلاس ضلع دیامر کا ایک اہم شہر ہے۔,56,easy,factual,,,,,,,,,,
123,چلاس کس دریا کے کنارے واقع ہے؟,دریائے سندھ کے کنارے,چلاس دریائے سندھ کے کنارے واقع ہے۔,56,easy,factual,,,,,,,,,,
124,چلاس کی تاریخ کس قدیم تہذیب سے تعلق رکھتی ہے؟,وادی سندھ کی تہذیب تک,چلاس کی تاریخ وادی سندھ کی تہذیب سے تعلق رکھتی ہے۔,57,easy,factual,,,,,,,,,,
125,چلاس ماضی میں کس حیثیت سے مشہور تھا؟,ایک اہم تجارتی مرکز,چلاس ماضی میں ایک اہم تجارتی مرکز تھا۔,57,easy,factual,,,,,,,,,,
126,چلاس کن شہروں اور خطوں سے منسلک ہے؟,اسلام آباد پشاور اور سنکیانگ سے,چلاس شاہراہ قراقرم اور قومی شاہراہ کے ذریعے اسلام آباد پشاور اور سنکیانگ سے منسلک ہے۔,58,medium,list-recall,,,,,,,,,,
127,چلاس کے لوگ کس خصوصیت کے لیے مشہور ہیں؟,مہمان نوازی کے لیے,چلاس کے لوگ اپنی مہمان نوازی کے لیے مشہور ہیں۔,59,easy,factual,,,,,,,,,,
128,چلاس میں تاریخ سے دلچسپی رکھنے والے سیاح کون سے تاریخی آثار کے بارے میں جان سکتے ہیں؟,بدھ مت کی عبادت گاہیں اور تھلپن کے چٹانی نقوش و نوشتہ جات,چلاس میں بدھ مت کی عبادت گاہیں موجود تھیں جبکہ تھلپن چلاس میں 50 ہزار سے زائد چٹانی نقوش اور 5 ہزار سے زائد نوشتہ جات موجود ہیں۔,"60,57",hard,multi-source,,,,,,,,,,
129,چلاس کس  دریا کے کنارے واقع ہے اور یہ کن اہم شہروں سے منسلک ہے؟,"اسلام آباد، پشاور اور سنکیانگ سے","چلاس دریائے سندھ کے کنارے واقع ہے اور شاہراہ قراقرم اور قومی شاہراہ کے ذریعے اسلام آباد، پشاور اور چین کے سنکیانگ خطے سے منسلک ہے۔","56,58",hard,multi-source,,,,,,,,,,
130,چلاس آنے والے سیاح مقامی زبانوں اور ثقافت کے بارے میں کیا جان سکتے ہیں؟,"شینا، کوہستانی زبانیں اور مہمان نوازی",چلاس میں شینا اور کوہستانی سمیت مختلف زبانیں بولی جاتی ہیں اور لوگ اپنی مہمان نوازی کے لیے مشہور ہیں۔,59,medium,list-recall,,,,,,,,,,
131,تھلپن چلاس میں کتنے سے زائد چٹانی نقوش موجود ہیں؟,50 ہزار سے زائد,تھلپن چلاس میں 50 ہزار سے زائد چٹانی نقوش موجود ہیں۔,60,easy,factual,,,,,,,,,,
132,تھلپن چلاس میں کتنے سے زائد نوشتہ جات موجود ہیں؟,5 ہزار سے زائد,تھلپن چلاس میں 5 ہزار سے زائد نوشتہ جات موجود ہیں۔,60,easy,factual,,,,,,,,,,
133,تھلپن چلاس کے چٹانی نقوش کتنے سال پرانے ہیں؟,تقریباً 9 ہزار سال پرانے,تھلپن چلاس کے چٹانی نقوش اور نوشتہ جات تقریباً 9 ہزار سال پرانے ہیں۔,60,easy,factual,,,,,,,,,,
134,تھلپن چلاس کو کس قسم کے تاریخی آثار کے لیے جانا جاتا ہے؟,چٹانی نقوش اور نوشتہ جات,تھلپن چلاس چٹانی نقوش اور نوشتہ جات کی بڑی تعداد کے لیے جانا جاتا ہے۔,60,medium,list-recall,,,,,,,,,,
135,ورلڈ واچ مانیومنٹس نے تھلپن چلاس کو کس حیثیت سے تسلیم کیا ہے؟,دنیا کے بڑے راک آرٹ علاقوں میں سےایک,ورلڈ واچ مانیومنٹس نے تھلپن چلاس کو دنیا کے بڑے راک آرٹ علاقوں میں شمار کیا ہے۔,60,easy,factual,,,,,,,,,,
136,چلاس کن شاہراہوں کے ذریعے دیگر شہروں سے جڑا ہے اور یہاں کے مقامی لوگ کن زبانوں میں بات کرتے ہیں؟,شاہراہ قراقرم اور قومی شاہراہ سے رسائی؛ کوہستانی و داردی لوگ مہمان نواز,"چلاس شاہراہ قراقرم اور قومی شاہراہ کے ذریعے اسلام آباد، پشاور اور چین کے سنکیانگ خطے سے منسلک ہے۔ یہاں کوہستانی اور داردی نسل کے لوگ آباد ہیں جو شینا اور کوہستانی زبانیں بولتے ہیں اور اپنی مہمان نوازی کے لیے مشہور ہیں۔","58,59",hard,multi-source,,,,,,,,,,
137,بابوسر پاس کی بلندی کتنی ہے؟,4173 میٹر,بابوسر پاس 4173 میٹر کی بلندی پر واقع ہے۔,61,easy,factual,,,,,,,,,,
138,بابوسر پاس کن دو علاقوں کو ملاتا ہے؟,خیبر پختونخوا اور گلگت بلتستان,بابوسر پاس خیبر پختونخوا کو گلگت بلتستان سے ملاتا ہے۔,61,easy,factual,,,,,,,,,,
139,بابوسر پاس کس وادی میں واقع ہے؟,وادی چلاس میں,بابوسر پاس وادی چلاس میں واقع ہے۔,62,easy,factual,,,,,,,,,,
140,بابوسر وادی کا بلند ترین مقام کون سا ہے؟,بابوسر پاس,بابوسر پاس بابوسر وادی کا بلند ترین مقام ہے۔,62,easy,factual,,,,,,,,,,
141,بابوسر پاس تک کس ذریعے سے آسانی سے پہنچا جا سکتا ہے؟,گاڑی کے ذریعے,بابوسر پاس تک گاڑی کے ذریعے آسانی سے پہنچا جا سکتا ہے۔,62,easy,factual,,,,,,,,,,
142,بابوسر پاس کن قدرتی خصوصیات کے لیے مشہور ہے؟,سرسبز میدان کم گنجان اور جنگلی پھول,بابوسر پاس سرسبز میدانوں کم گنجان اور خوبصورت جنگلی پھولوں کے لیے مشہور ہے۔,63,medium,list-recall,,,,,,,,,,
143,بابوسر پاس سال کے کن مہینوں میں زیادہ تر بند رہتا ہے؟,اکتوبر سے جون تک,بابوسر پاس شدید برف باری کی وجہ سے اکتوبر سے جون تک زیادہ تر بند رہتا ہے۔,64,easy,factual,,,,,,,,,,
144,بابوسر پاس کا راستہ خطرناک کیوں سمجھا جاتا ہے؟,کھڑی چڑھائیوں کی وجہ سے,بابوسر پاس کا راستہ کھڑی چڑھائیوں کی وجہ سے خطرناک سمجھا جاتا ہے۔,64,easy,factual,,,,,,,,,,
145,بابوسر پاس سیاحوں کے لیے پرکشش کیوں ہے؟,قدرتی حسن اور آسان رسائی کی وجہ سے,بابوسر پاس سرسبز مناظر جنگلی پھولوں اور گاڑی کے ذریعے آسان رسائی کی وجہ سے سیاحوں کے لیے پرکشش ہے۔,"62,63",hard,multi-source,,,,,,,,,,
146,بابوسر پاس کی جغرافیائی اور سیاحتی اہمیت کیسے ظاہر ہوتی ہے؟,علاقوں کے رابطے اور قدرتی حسن سے,بابوسر پاس خیبر پختونخوا اور گلگت بلتستان کو ملاتا ہے جبکہ اس کا قدرتی حسن اسے اہم سیاحتی مقام بناتا ہے۔,"61,63",hard,multi-source,,,,,,,,,,
147,بابوسر پاس کے سفر میں کن مشکلات کا سامنا ہو سکتا ہے؟,شدید برف باری اور کھڑی چڑھائیاں,بابوسر پاس کے سفر میں شدید برف باری اور کھڑی چڑھائیوں کی وجہ سے مشکلات پیش آ سکتی ہیں۔,64,medium,list-recall,,,,,,,,,,
148,بابوسر پاس کی رسائی اور موسمی حالات ایک دوسرے کو کیسے متاثر کرتے ہیں؟,برف باری کے باعث رسائی محدود ہو جاتی ہے,اگرچہ بابوسر پاس تک گاڑی سے پہنچا جا سکتا ہے لیکن شدید برف باری کی وجہ سے یہ راستہ سال کے کئی مہینوں تک بند رہتا ہے۔,"62,64",hard,multi-source,,,,,,,,,,
149,فیری میڈوز کا مقامی نام کیا ہے؟,جوٹ,فیری میڈوز کو مقامی طور پر جوٹ کہا جاتا ہے۔,65,easy,factual,,,,,,,,,,
150,فیری میڈوز کا نام کس نے رکھا تھا؟,جرمن کوہ پیماؤں نے,فیری میڈوز کا نام جرمن کوہ پیماؤں نے رکھا تھا۔,65,easy,factual,,,,,,,,,,
151,فیری میڈوز کا نام Märchenwiese کا کیا مطلب ہے؟,پریوں کی چراگاہ,جرمن لفظ Märchenwiese کا مطلب پریوں کی چراگاہ ہے۔,65,easy,factual,,,,,,,,,,
152,فیری میڈوز کس پہاڑ کے دامن میں واقع ہے؟,نانگا پربت کے,فیری میڈوز نانگا پربت کے دامن میں واقع ہے۔,65,easy,factual,,,,,,,,,,
153,فیری میڈوز کی بلندی کتنی ہے؟,تقریباً 3300 میٹر,فیری میڈوز سطح سمندر سے تقریباً 3300 میٹر بلند ہے۔,66,easy,factual,,,,,,,,,,
154,فیری میڈوز ٹریکرز کے لیے کیوں اہم ہے؟,نانگا پربت کے ٹریک کا نقطۂ آغاز,فیری میڈوز نانگا پربت کے رائیکوٹ رخ کی جانب جانے والے ٹریکرز کے لیے نقطۂ آغاز کی حیثیت رکھتا ہے۔,66,easy,factual,,,,,,,,,,
155,فیری میڈوز کو قومی پارک کب قرار دیا گیا؟,1995 میں,1995 میں حکومت پاکستان نے فیری میڈوز کو قومی پارک قرار دیا۔,66,easy,factual,,,,,,,,,,
156,فیری میڈوز تک رسائی کہاں سے شروع ہوتی ہے؟,رائیکوٹ پل سے,فیری میڈوز تک رسائی شاہراہ قراقرم پر واقع رائیکوٹ پل سے شروع ہوتی ہے۔,67,easy,factual,,,,,,,,,,
157,فیری میڈوز کا نام کیسے پڑا اور مقامی لوگ اسے کیا کہتے ہیں؟,"جرمن کوہ پیماؤں نے Märchenwiese یعنی پریوں کی چراگاہ رکھا، مقامی نام جوٹ ہے",فیری میڈوز کا نام جرمن کوہ پیماؤں نے Märchenwiese یعنی پریوں کی چراگاہ رکھا جبکہ مقامی طور پر اسے جوٹ کہا جاتا ہے,65,medium,list-recall,,,,,,,,,,
158,فیری میڈوز پہنچنے کے لیے کن مراحل سے گزرنا پڑتا ہے؟,جیپ سفر اور پیدل ٹریک,رائیکوٹ پل سے ٹاٹو گاؤں تک جیپ اور اس کے بعد تقریباً پانچ کلومیٹر پیدل سفر کر کے فیری میڈوز پہنچا جا سکتا ہے۔,67,medium,list-recall,,,,,,,,,,
159,فیری میڈوز میں کیمپنگ سائٹس کب سے چلائی جا رہی ہیں؟,1992 سے,مقامی افراد 1992 سے فیری میڈوز میں کیمپنگ سائٹس چلا رہے ہیں۔,68,easy,factual,,,,,,,,,,
160,فیری میڈوز تک پہنچنے کے لیے سیاح کو کون سے دو ذرائع استعمال کرنے پڑتے ہیں؟,جیپ اور پیدل سفر,سیاح پہلے رائیکوٹ پل سے ٹاٹو گاؤں تک جیپ کے ذریعے اور پھر پیدل سفر کے ذریعے فیری میڈوز پہنچتے ہیں۔,67,medium,list-recall,,,,,,,,,,
161,فیری میڈوز کس وادی اور گلیشیئر کے قریب واقع ہے؟,رائیکوٹ وادی اور رائیکوٹ گلیشیئر,فیری میڈوز رائیکوٹ وادی میں رائیکوٹ گلیشیئر کے قریب واقع ہے۔,68,medium,list-recall,,,,,,,,,,
162,فیری میڈوز کو منفرد سیاحتی مقام کیوں سمجھا جاتا ہے؟,قدرتی ماحول اور نانگا پربت کی قربت کی وجہ سے,فیری میڈوز اپنی خالص قدرتی ماحول اور نانگا پربت کی وجہ سے منفرد سیاحتی مقام سمجھا جاتا ہے۔,"65,68",hard,multi-source,,,,,,,,,,
163,فیری میڈوز قومی پارک کب بنا اور وہاں کیمپنگ کب شروع ہوئی؟,1995 میں قومی پارک اور 1992 سے کیمپنگ,فیری میڈوز کو 1995 میں قومی پارک قرار دیا گیا جبکہ مقامی افراد 1992 سے وہاں کیمپنگ سائٹس چلا رہے ہیں۔,"66,68",hard,multi-source,,,,,,,,,,
164,رائیکوٹ پل سے فیری میڈوز تک کا سفر کیسے طے ہوتا ہے اور یہ مقام سطح سمندر سے کتنا بلند ہے؟,"جیپ اور پیدل سفر، 3300 میٹر بلندی",رائیکوٹ پل سے ٹاٹو گاؤں تک جیپ اور پھر پیدل سفر سے فیری میڈوز پہنچا جاتا ہے جو سطح سمندر سے تقریباً 3300 میٹر بلند ہے۔,"66,67",hard,multi-source,,,,,,,,,,
165,نانگا پربت کس پہاڑی سلسلے کا مغربی کنارہ سمجھا جاتا ہے؟,ہمالیہ کا,نانگا پربت ہمالیہ کا مغربی کنارہ سمجھا جاتا ہے۔,69,easy,factual,,,,,,,,,,
166,نانگا پربت دنیا کے کن خصوصی پہاڑوں میں شامل ہے؟,"8,000 میٹر سے زیادہ بلند دنیا کی 14 بلند ترین چوٹیوں میں شمار ہوتی ہے۔"," نانگا پربت دنیا  کے8,000 میٹر سے زیادہ بلند دنیا کی 14 بلند ترین چوٹیوں میں شمار ہوتی ہے۔",69,easy,factual,,,,,,,,,,
167,"دنیا کی بلند ترین چوٹیوں کی فہرست میں نانگا پربت کس نمبر پر ہے، اور اس کی بلندی کیا ہے؟","8,126 میٹر، دنیا کی نویں بلند ترین چوٹی","نانگا پربت دنیا کی نویں بلند ترین چوٹی ہے جس کی بلندی 8,126 میٹر ہے۔",69,medium,list-recall,,,,,,,,,,
168,نانگا پربت کے نام کا کیا مطلب ہے؟,برہنہ پہاڑ,نانگا پربت کے نام کا مطلب برہنہ پہاڑ ہے۔,70,easy,factual,,,,,,,,,,
169,نانگا پربت کا مقامی نام کیا ہے؟,دیامر یا دیو میر,نانگا پربت کو مقامی طور پر دیامر یا دیو میر کہا جاتا ہے۔,70,easy,factual,,,,,,,,,,
170,نانگا پربت کو قاتل پہاڑ کیوں کہا جاتا ہے؟,کوہ پیماؤں کی زیادہ ہلاکتوں کی وجہ سے,نانگا پربت کو کوہ پیماؤں کی بڑی تعداد میں ہلاکتوں کے باعث قاتل پہاڑ کہا جاتا ہے۔,71,easy,factual,,,,,,,,,,
171,نانگا پربت کوہ پیماؤں کے لیے مشکل کیوں سمجھا جاتا ہے؟,دشوار گزار چڑھائی کی وجہ سے,نانگا پربت اپنی دشوار گزار چڑھائی کی وجہ سے مشکل پہاڑ سمجھا جاتا ہے۔,71,easy,factual,,,,,,,,,,
172,نانگا پربت کی عالمی اہمیت کن عوامل سے ظاہر ہوتی ہے؟,اس کی بلندی اور آٹھ ہزار میٹر سے بلند پہاڑوں میں شمولیت سے,نانگا پربت دنیا کا نواں بلند ترین پہاڑ ہے اور دنیا کے 14 آٹھ ہزار میٹر سے بلند پہاڑوں میں شامل ہے۔,69,medium,list-recall,,,,,,,,,,
173,نانگا پربت کا نام کن سنسکرت الفاظ سے نکلا ہے؟,ناگنا اور پروت,نانگا پربت کا نام سنسکرت کے الفاظ ناگنا اور پروت سے نکلا ہے۔,70,medium,list-recall,,,,,,,,,,
174,نانگا پربت کی مقامی اور تاریخی شناخت کن ناموں سے وابستہ ہے؟,نانگا پربت دیامر اور دیو میر,اس پہاڑ کو نانگا پربت کے علاوہ دیامر اور دیو میر کے ناموں سے بھی جانا جاتا ہے۔,70,medium,list-recall,,,,,,,,,,
175,نانگا پربت کے مختلف نام اور ان کے معانی کیا ہیں؟,برہنہ پہاڑ اور بہت بڑا پہاڑ,نانگا پربت کا مطلب برہنہ پہاڑ جبکہ دیامر یا دیو میر کا مطلب بہت بڑا پہاڑ ہے۔,70,medium,list-recall,,,,,,,,,,
176,نانگا پربت کو دنیا کے نمایاں پہاڑوں میں کیوں شمار کیا جاتا ہے؟,بلندی اور دشوار گزار چڑھائی کی وجہ سے,نانگا پربت دنیا کا نواں بلند ترین پہاڑ ہے اور اپنی دشوار گزار چڑھائی کی وجہ سے بھی مشہور ہے۔,"69,71",hard,multi-source,,,,,,,,,,
177,نانگا پربت دنیا کی کتنویں بلند ترین چوٹی ہے اور فیری میڈوز اس کے کس رخ پر واقع ہے؟,دنیا کی نویں بلند ترین چوٹی؛ فیری میڈوز اسی کے دامن میں واقع,"نانگا پربت 8,126 میٹر بلندی کے ساتھ دنیا کی نویں بلند ترین چوٹی ہے۔ فیری میڈوز اسی پہاڑ کے دامن میں واقع ایک سرسبز میدان ہے جو ٹریکرز کے لیے نانگا پربت کی جانب سفر کا نقطۂ آغاز ہے۔","65,66,69",hard,multi-source,,,,,,,,,,
178,ضلع شگر کا رقبہ کتنا ہے؟,8500 مربع کلومیٹر,ضلع شگر کا رقبہ تقریباً 8500 مربع کلومیٹر ہے۔,72,easy,factual,,,,,,,,,,
179,ضلع شگر کس پہاڑی سلسلے کا دروازہ سمجھا جاتا ہے؟,قراقرم کا,ضلع شگر قراقرم کے عظیم پہاڑی سلسلے کا دروازہ سمجھا جاتا ہے۔,72,easy,factual,,,,,,,,,,
180,ضلع شگر تاریخی طور پر کس راستے پر واقع ہے؟,وسطی ایشیا کے قدیم تجارتی راستے پر,ضلع شگر وسطی ایشیا کے قدیم تجارتی راستے پر واقع ہے۔,72,easy,factual,,,,,,,,,,
181,وادی شگر اسکردو سے کتنی دور واقع ہے؟,تقریباً آدھے گھنٹے کی مسافت پر,وادی شگر اسکردو سے تقریباً آدھے گھنٹے کی مسافت پر واقع ہے۔,73,easy,factual,,,,,,,,,,
182,وادی شگر کتنے کلومیٹر تک پھیلی ہوئی ہے؟,170 کلومیٹر,وادی شگر تقریباً 170 کلومیٹر تک پھیلی ہوئی ہے۔,73,easy,factual,,,,,,,,,,
183,برالدو وادی کے سرے پر کون سا گلیشیئر واقع ہے؟,بالتورو گلیشیئر,برالدو وادی کے سرے پر بالتورو گلیشیئر واقع ہے۔,74,easy,factual,,,,,,,,,,
184,K2 کی عالمی اہمیت کیا ہے؟,دنیا کی دوسری بلند ترین چوٹی,K2 دنیا کی دوسری بلند ترین چوٹی ہے۔,74,easy,factual,,,,,,,,,,
185,نانگا پربت کے بارے میں کون سی دو اہم باتیں بیان کی جاتی ہیں؟,دشوار گزار چڑھائی اور قاتل پہاڑ کی شہرت,نانگا پربت اپنی دشوار گزار چڑھائی اور کوہ پیماؤں کی زیادہ ہلاکتوں کے باعث قاتل پہاڑ کے نام سے مشہور ہے۔,71,medium,list-recall,,,,,,,,,,
186,وادی شگر کی زمین کو کون سا دریا سیراب کرتا ہے؟,دریائے شگر,وادی شگر کی زرخیز زمین دریائے شگر سے سیراب ہوتی ہے۔,75,easy,factual,,,,,,,,,,
187,شگر قلعہ کتنے سال پرانا ہے؟,400 سال پرانا,شگر قلعہ تقریباً 400 سال پرانا ہے۔,76,easy,factual,,,,,,,,,,
188,شگر قلعہ کو آج کل کس مقصد کے لیے استعمال کیا جاتا ہے؟,ورثہ میوزیم کے طور پر,شگر قلعہ کو بحال کرکے ورثہ میوزیم کے طور پر استعمال کیا جا رہا ہے۔,76,easy,factual,,,,,,,,,,
189,امبریق مسجد کو یونیسکو ایوارڈ کب ملا؟,2005 میں,امبریق مسجد کو 2005 میں یونیسکو ایوارڈ سے نوازا گیا۔,76,easy,factual,,,,,,,,,,
190,وادی شگر میں کون کون سے پھل پیدا ہوتے ہیں؟,انگور آڑو ناشپاتی اخروٹ اور خوبانی,وادی شگر میں انگور آڑو ناشپاتی اخروٹ اور خوبانی بکثرت پیدا ہوتے ہیں۔,73,medium,list-recall,,,,,,,,,,
191,ضلع شگر کی قدرتی اہمیت کن مقامات سے ظاہر ہوتی ہے؟,بالتورو گلیشیئر اور K2 سے,ضلع شگر کی قدرتی اہمیت بالتورو گلیشیئر اور دنیا کی دوسری بلند ترین چوٹی K2 سے ظاہر ہوتی ہے۔,74,medium,list-recall,,,,,,,,,,
192,ضلع شگر کی زرعی اہمیت کن عوامل سے ظاہر ہوتی ہے؟,زرخیز زمین اور مختلف پھلوں کی پیداوار سے,وادی شگر کی زرخیز زمین دریائے شگر سے سیراب ہوتی ہے اور یہاں مختلف اقسام کے پھل پیدا ہوتے ہیں۔,75,medium,list-recall,,,,,,,,,,
193,ضلع شگر کو سیاحتی لحاظ سے منفرد کیوں سمجھا جاتا ہے؟,قدرتی مناظر تاریخی ورثے اور K2 کی وجہ سے,ضلع شگر قدرتی مناظر بالتورو گلیشیئر K2 اور تاریخی ورثے کی وجہ سے منفرد سیاحتی مقام سمجھا جاتا ہے۔,"74,76",hard,multi-source,,,,,,,,,,
194,ضلع شگر کی جغرافیائی اور تاریخی اہمیت ایک ساتھ کیسے ظاہر ہوتی ہے؟,قدیم تجارتی راستے اور تاریخی ورثے سے,ضلع شگر قدیم تجارتی راستے پر واقع ہے جبکہ شگر قلعہ اور امبریق مسجد اس کے تاریخی ورثے کی نمائندگی کرتے ہیں۔,"72,76",hard,multi-source,,,,,,,,,,
195,K2 دنیا کی کون سی بلند ترین چوٹی ہے؟,دوسری بلند ترین چوٹی,K2 دنیا کی دوسری بلند ترین چوٹی ہے۔,77,easy,factual,,,,,,,,,,
196,K2 کی بلندی کتنی ہے؟,8611 میٹر,K2 کی بلندی 8611 میٹر ہے۔,77,easy,factual,,,,,,,,,,
197,K2 کس پہاڑی سلسلے میں واقع ہے؟,قراقرم میں,K2 قراقرم کے پہاڑی سلسلے میں واقع ہے۔,77,easy,factual,,,,,,,,,,
198,K2 کس سرحد پر واقع ہے؟,پاک چین سرحد پر,K2 پاک چین سرحد پر واقع ہے۔,77,easy,factual,,,,,,,,,,
199,K2 کا مقامی بلتی نام کیا ہے؟,چھوغوری,K2 کا مقامی بلتی نام چھوغوری ہے۔,78,easy,factual,,,,,,,,,,
200,K2 کے بیس کیمپ تک پہنچنے کا روایتی راستہ کہاں سے شروع ہوتا ہے؟,اسکردو سے,روایتی راستہ اسکردو سے شروع ہو کر K2 بیس کیمپ تک جاتا ہے۔,79,easy,factual,,,,,,,,,,
201,K2 کا دروازہ کس شہر کو کہا جاتا ہے؟,اسکردو کو,اسکردو کو K2 کا دروازہ سمجھا جاتا ہے۔,79,easy,factual,,,,,,,,,,
202,K2 کی جانب آخری آبادی کون سی ہے؟,اسکولے,اسکولے K2 کی جانب آخری آبادی ہے۔,80,easy,factual,,,,,,,,,,
203,ضلع شگر کی تاریخی اور ثقافتی اہمیت کن مقامات سے وابستہ ہے؟,شگر قلعہ اور امبریق مسجد سے,شگر قلعہ اور امبریق مسجد ضلع شگر کے اہم تاریخی اور ثقافتی ورثے ہیں۔,76,medium,list-recall,,,,,,,,,,
204,K2 کی چوٹی پہلی مرتبہ کب سر کی گئی؟,31 جولائی 1954,31 جولائی 1954 کو پہلی مرتبہ K2 کی چوٹی سر کی گئی۔,81,easy,factual,,,,,,,,,,
205,K2 کی جغرافیائی اہمیت کن عوامل سے ظاہر ہوتی ہے؟,قراقرم اور پاک چین سرحد پر واقع ہونے سے,K2 قراقرم کے سلسلے میں واقع ہے اور پاک چین سرحد پر موجود ہے۔,77,medium,list-recall,,,,,,,,,,
206,K2 کے مقامی نام اور اس کے موجودہ نام کی تاریخ کیا ظاہر کرتی ہے؟,چھوغوری مقامی نام ہے جبکہ K2 کا نام زیادہ مشہور ہو گیا,1856 میں ٹی جی مونٹگومری نے سروے کے دوران K1 اور K2 کے نام دیے۔ K2 کا مقامی بلتی نام چھوغوری ہے لیکن K2 کا نام ہی زیادہ مشہور ہو گیا۔,78,medium,list-recall,,,,,,,,,,
207,K2 کی سیاحتی اور ٹریکنگ اہمیت کیوں نمایاں ہے؟,بیس کیمپ ٹریک اور عالمی شہرت کی وجہ سے,K2 دنیا کی دوسری بلند ترین چوٹی ہے اور اس کا مشہور بیس کیمپ ٹریک اسکردو سے شروع ہوتا ہے۔,"77,79",hard,multi-source,,,,,,,,,,
208,K2 کے سفر میں اسکردو اور اسکولے کی کیا اہمیت ہے؟,اسکردو دروازہ اور اسکولے آخری آبادی ہے,اسکردو K2 کا دروازہ ہے جبکہ اسکولے K2 کی جانب آخری آبادی ہے۔,"79,80",hard,multi-source,,,,,,,,,,
209,K2 کی تاریخی اور کوہ پیمائی اہمیت کن حقائق سے ظاہر ہوتی ہے؟,اس کی عالمی درجہ بندی اور پہلی کامیاب چڑھائی سے,K2 دنیا کی دوسری بلند ترین چوٹی ہے اور 1954 میں پہلی مرتبہ اس کی چوٹی سر کی گئی۔,"77,81",hard,multi-source,,,,,,,,,,
210,بلائنڈ جھیل اسکردو شہر سے کتنی دور ہے؟,تقریباً 30 منٹ کی مسافت پر,بلائنڈ جھیل اسکردو شہر سے تقریباً 30 منٹ کی مسافت پر واقع ہے۔,82,easy,factual,,,,,,,,,,
211,بلائنڈ جھیل کا K2 کے مشہور راستے سے کیا تعلق ہے؟,یہ K2 کے راستے پر واقع ہے,بلائنڈ جھیل K2 کی جانب جانے والے مشہور راستے پر واقع ہے۔,82,easy,factual,,,,,,,,,,
212,سرفرنگا سرد صحرا کتنی بلندی پر واقع ہے؟,7500 فٹ,سرفرنگا سرد صحرا تقریباً 7500 فٹ کی بلندی پر واقع ہے۔,83,easy,factual,,,,,,,,,,
213,K2 کے راستے میں کون کون سے اہم مقامات آتے ہیں؟,پائیو اردوکاس گورو اور کونکورڈیا,اسکولے کے بعد پائیو اردوکاس گورو اور کونکورڈیا آتے ہیں۔,80,medium,list-recall,,,,,,,,,,
214,K2 کی چوٹی سب سے پہلے کن کوہ پیماؤں نے سر کی؟,اچیلے کمپاگنونی اور لینو لاچیڈیلی,اچیلے کمپاگنونی اور لینو لاچیڈیلی نے پہلی مرتبہ K2 کی چوٹی سر کی۔,81,medium,list-recall,,,,,,,,,,
215,سرفرنگا سرد صحرا کس وادی کے راستے پر واقع ہے؟,وادی شگر کے راستے پر,سرفرنگا سرد صحرا وادی شگر کے راستے پر واقع ہے۔,83,easy,factual,,,,,,,,,,
216,بلائنڈ جھیل سیاحوں میں کیوں مقبول ہے؟,قدرتی مناظر اور منفرد محلِ وقوع کی وجہ سے ,بلائنڈ جھیل اپنےقدرتی مناظر اور منفرد محلِ وقوع کی وجہ سے  سیاحوں میں مقبول ہے۔,82,medium,list-recall,,,,,,,,,,
217,بلائنڈ جھیل کے اطراف کون کون سے قدرتی مناظر دیکھنے کو ملتے ہیں؟,پہاڑ اور سرفرنگا سرد صحرا,بلائنڈ جھیل کے اطراف پہاڑ اور سرفرنگا سرد صحرا کے مناظر دیکھنے کو ملتے ہیں۔,82,medium,list-recall,,,,,,,,,,
218,سرفرنگا سرد صحرا کے قریب کون سا دریا بہتا ہے؟,دریائے سندھ,سرفرنگا سرد صحرا کے قریب دریائے سندھ بہتا ہے۔,83,easy,factual,,,,,,,,,,
219,بلائنڈ جھیل کو پوشیدہ قدرتی مقام کیوں سمجھا جاتا ہے؟,پہاڑوں اور سرفرنگا سرد صحرا کے درمیان واقع ہونے کی وجہ سے,بلائنڈ جھیل پہاڑوں اور سرفرنگا سرد صحرا کے درمیان واقع ہونے کی وجہ سے پوشیدہ قدرتی مقام سمجھی جاتی ہے۔,82,medium,list-recall,,,,,,,,,,
220,بلائنڈ جھیل کا مقامی یا دوسرا نام کیا ہے؟,جربہ ژو جھیل,بلائنڈ جھیل کو جربہ ژو جھیل بھی کہا جاتا ہے۔,82,easy,factual,,,,,,,,,,
221,بلائنڈ جھیل کس ضلع میں واقع ہے؟,ضلع شگر میں,بلائنڈ جھیل ضلع شگر میں واقع ہے۔,82,easy,factual,,,,,,,,,,
222,بلائنڈ جھیل کس مشہور سرد صحرا کے قریب واقع ہے؟,سرفرنگا سرد صحرا,بلائنڈ جھیل سرفرنگا سرد صحرا کے قریب واقع ہے۔,83,easy,factual,,,,,,,,,,
223,سرفرنگا سرد صحرا کہاں واقع ہے؟,ضلع شگر میں,سرفرنگا سرد صحرا ضلع شگر میں واقع ہے۔,83,easy,factual,,,,,,,,,,
224,بلائنڈ جھیل کے قدرتی ماحول کو منفرد بنانے والے عناصر کون سے ہیں؟,"پہاڑ، سرفرنگا صحرا اور سرسبز مناظر","بلائنڈ جھیل پہاڑوں، سرفرنگا سرد صحرا اور سرسبز مناظر کے درمیان واقع ہے، جو اس کے قدرتی ماحول کو منفرد بناتے ہیں۔",82,medium,list-recall,,,,,,,,,,
225,بلائنڈ جھیل مہم جو سیاحوں کے لیے پرکشش کیوں سمجھی جاتی ہے؟,قدرتی مناظر اور منفرد محل وقوع کی وجہ سے,"بلائنڈ جھیل قدرتی مناظر، منفرد محل وقوع اور مہم جوئی کے مواقع کی وجہ سے مہم جو سیاحوں کے لیے پرکشش سمجھی جاتی ہے۔",82,medium,list-recall,,,,,,,,,,
226,سرفرنگا جیپ ریلی ہر سال کہاں منعقد کی جاتی ہے؟,سرفرنگا سرد صحرا میں,سرفرنگا کولڈ ڈیزرٹ جیپ ریلی ہر سال سرفرنگا سرد صحرا میں منعقد کی جاتی ہے۔,84,easy,factual,,,,,,,,,,
227,سرفرنگا سرد صحرا کے قدرتی مناظر کو منفرد کیا بناتا ہے؟,پہاڑ اور دریائے سندھ,سرفرنگا سرد صحرا پہاڑوں سے گھرا ہوا ہے اور دریائے سندھ اس کے قریب بہتا ہے جس سے اس کے مناظر منفرد بنتے ہیں۔,83,medium,list-recall,,,,,,,,,,
228,سرفرنگا سرد صحرا سیاحوں کے لیے کیوں پرکشش ہے؟,قدرتی مناظر اور مہم جو سرگرمیوں کی وجہ سے,"سرفرنگا سرد صحرا اپنے قدرتی مناظر، سالانہ جیپ ریلی اور دیگر مہم جو سرگرمیوں کی وجہ سے مشہور ہے۔","83,84",hard,multi-source,,,,,,,,,,
229,سرفرنگا سرد صحرا کہاں واقع ہے اور جیپ ریلی کا مقصد کیا ہے؟,قدرتی مناظر اور سالانہ جیپ ریلی کی وجہ سے,"وادی شگر، 7500 فٹ بلندی، دریائے سندھ کے قریب؛ ریلی کا مقصد سیاحت اور معیشت کو فروغ دینا","83,84",hard,multi-source,,,,,,,,,,
230,سرفرنگا کولڈ ڈیزرٹ جیپ ریلی کا مقصد کیا ہے؟,مہم جو سیاحت کا فروغ اور مقامی معیشت کی بہتری,سرفرنگا جیپ ریلی کا مقصد مہم جو سیاحت کو فروغ دینا اور مقامی معیشت کو مضبوط بنانا ہے۔,84,medium,list-recall,,,,,,,,,,
231,سرفرنگا فیسٹیول میں کون کون سی سرگرمیاں شامل ہوتی ہیں؟,فری اسٹائل پولو بوٹنگ رافٹنگ تلوار رقص موسیقی اور راک کلائمبنگ,"سرفرنگا فیسٹیول میں فری اسٹائل پولو، بوٹنگ، دریائی رافٹنگ، تلوار رقص، موسیقی اور راک کلائمبنگ شامل ہوتی ہیں۔",84,medium,list-recall,,,,,,,,,,
232,سرفرنگا فیسٹیول مقامی علاقے کے لیے کیوں اہم ہے؟,سیاحت اور معیشت کے فروغ کی وجہ سے,سرفرنگا فیسٹیول مہم جو سیاحت کو فروغ دیتا ہے اور مقامی معیشت کو مضبوط بنانے میں مدد کرتا ہے۔,84,medium,list-recall,,,,,,,,,,
233,گانچھے کے دو مشہور تاریخی مقامات کون سے ہیں؟,خپلو محل اور چقچن مسجد,خپلو محل اور چقچن مسجد گانچھے کے اہم تاریخی مقامات ہیں۔,86,medium,list-recall,,,,,,,,,,
234,گانچھے میں منفرد طرزِ تعمیر کے فروغ میں کن کاریگروں نے کردار ادا کیا؟,کشمیری اور مقامی کاریگروں نے,کشمیری اور مقامی کاریگروں نے مل کر منفرد طرزِ تعمیر اور لکڑی کے خوبصورت کام کو فروغ دیا۔,86,medium,list-recall,,,,,,,,,,
235,ضلع گانچھے کی ثقافتی شناخت کن عناصر سے تشکیل پاتی ہے؟,بلتی زبان روایتی رقص اور ثقافتی تقریبات,"بلتی زبان، روایتی رقص اور ثقافتی تقریبات ضلع گانچھے کی ثقافتی شناخت کا اہم حصہ ہیں۔",87,medium,list-recall,,,,,,,,,,
236,گونڈوغورو پاس دنیا بھر میں کیوں مشہور ہے؟,مشکل اور مشہور ٹریک ہونے کی وجہ سے,گونڈوغورو پاس دنیا کے مشہور اور چیلنجنگ ٹریکس میں شمار ہوتا ہے۔,88,easy,factual,,,,,,,,,,
237,ضلع گانچھے میں مہم جو سیاح گونڈوغورو پاس کے ذریعے کس مقام تک رسائی حاصل کر سکتے ہیں اور وہاں کون سی سرگرمیاں مقبول ہیں؟,"مشہربرم بیس کیمپ، ٹریکنگ، کیمپنگ اور ٹراؤٹ شکار","گونڈوغورو پاس مشہربرم چوٹی کے بیس کیمپ تک رسائی فراہم کرتا ہے جبکہ ٹریکنگ، کیمپنگ اور ٹراؤٹ مچھلی کا شکار مقبول سرگرمیاں ہیں۔",88,medium,list-recall,,,,,,,,,,
238,گانچھے کے مشہور روایتی رقص کون سے ہیں؟,مندوک تیمو اور راگی تیمو,مندوک تیمو اور راگی تیمو علاقے کے مشہور روایتی رقص ہیں۔,87,medium,list-recall,,,,,,,,,,
239,ضلع گانچھے میں تاریخ اور سیاحت سے دلچسپی رکھنے والے سیاح کن مقامات کا رخ کر سکتے ہیں؟,"خپلو محل، چقچن مسجد اور گونڈوغورو پاس",تاریخی مقامات میں خپلو محل اور چقچن مسجد شامل ہیں جبکہ مہم جو سیاحت کے لیے گونڈوغورو پاس مشہور ہے۔,"86,88",hard,multi-source,,,,,,,,,,
240,گانچھے کے لوگ ثقافتی تقریبات کیسے مناتے ہیں؟,روایتی موسیقی رقص اور گیتوں کے ساتھ,"گانچھے کے لوگ ثقافتی تقریبات روایتی موسیقی، رقص اور گیتوں کے ساتھ مناتے ہیں۔",87,medium,list-recall,,,,,,,,,,
241,وادی کریس کس ضلع میں واقع ہے؟,ضلع گانچھے,وادی کریس ضلع گانچھے میں واقع ہے۔,89,easy,factual,,,,,,,,,,
242,وادی کریس خپلو شہر سے کتنے فاصلے پر واقع ہے؟,تقریباً 70 کلومیٹر,وادی کریس خپلو شہر سے تقریباً 70 کلومیٹر کے فاصلے پر واقع ہے۔,89,easy,factual,,,,,,,,,,
243,وادی کریس اسکردو شہر سے کتنے فاصلے پر واقع ہے؟,تقریباً 33 کلومیٹر,وادی کریس اسکردو شہر سے تقریباً 33 کلومیٹر کے فاصلے پر واقع ہے۔,89,easy,factual,,,,,,,,,,
244,وادی کریس کو ضلع گانچھے کا کیا کہا جاتا ہے؟,ضلع گانچھے کا دروازہ,وادی کریس کو ضلع گانچھے کا دروازہ کہا جاتا ہے۔,89,easy,factual,,,,,,,,,,
245,وادی کریس میں واقع مشہور پیدل پل کس نام سے جانا جاتا ہے؟,ڈور ٹو ہیون,"وادی کریس میں ""ڈور ٹو ہیون"" کے نام سے مشہور ایک پیدل پل واقع ہے۔",89,easy,factual,,,,,,,,,,
246,ضلع گانچھے میں کون کون سی مہم جو سیاحتی سرگرمیاں مقبول ہیں؟,ٹریکنگ کیمپنگ اور ٹراؤٹ مچھلی کا شکار,"ضلع گانچھے میں ٹریکنگ، کیمپنگ اور ٹراؤٹ مچھلی کا شکار مقبول سرگرمیاں ہیں۔",88,medium,list-recall,,,,,,,,,,
247,"وادی کریس میں کون کون سے نمایاں تاریخی، مذہبی اور قدرتی مقامات موجود ہیں؟","قدیم آبی بجلی گھر، تاریخی نہر، آستانہ حضرت میر مختار و علی موسوی، دریائے سندھ اور دریائے شیوک کا سنگم، اور نوربخشیہ پیر کی رہائش گاہ","وادی کریس میں قدیم آبی بجلی گھر، تاریخی نہر، آستانہ حضرت میر مختار و علی موسوی، دریائے سندھ اور دریائے شیوک کا سنگم، اور نوربخشیہ پیر کی رہائش گاہ واقع ہیں۔",89,medium,list-recall,,,,,,,,,,
248,وادی کریس کے مقامی لوگ کس خوبی کے لیے مشہور ہیں؟,مہمان نوازی,وادی کریس کے مقامی لوگ اپنی مہمان نوازی کے لیے مشہور ہیں۔,89,easy,factual,,,,,,,,,,
249,وادی کریس میں کن دو دریاؤں کا سنگم واقع ہے؟,دریائے سندھ اور دریائے شیوک,وادی کریس میں دریائے سندھ اور دریائے شیوک کا سنگم واقع ہے۔,89,medium,list-recall,,,,,,,,,,
250,وادی کریس جانے کے لیے بہترین وقت کون سا ہے؟,چیری بلاسم کا موسم یا گرمیوں کا موسم,چیری بلاسم کا موسم اور گرمیوں کا موسم وادی کریس کی سیر کے لیے بہترین سمجھے جاتے ہیں۔,89,medium,list-recall,,,,,,,,,,
251,وادی کریس سیاحوں کے لیے کیوں پرکشش ہے؟,"سرسبز کھیتوں، تاریخی گھروں اور مقامی لوگوں کی مہمان نوازی کی وجہ سے","وادی کریس اپنے سرسبز کھیتوں، تاریخی گھروں اور مقامی لوگوں کی مہمان نوازی کی وجہ سے سیاحوں کے لیے پرکشش ہے۔",89,medium,list-recall,,,,,,,,,,
252,وادی کریس میں کون سا تاریخی پیدل پل واقع ہے؟,"""ڈور ٹو ہیون"" پل","وادی کریس میں ""ڈور ٹو ہیون"" کے نام سے مشہور ایک تاریخی پیدل پل واقع ہے۔",89,easy,factual,,,,,,,,,,
253,وادی براہ کس دریا کے کنارے واقع ہے؟,دریائے شیوک,وادی براہ دریائے شیوک کے کنارے واقع ہے۔,90,easy,factual,,,,,,,,,,
254,وادی براہ خپلو سے کتنی دور واقع ہے؟,تقریباً 20 منٹ کی مسافت پر,وادی براہ خپلو سے تقریباً 20 منٹ کی مسافت پر واقع ہے۔,90,easy,factual,,,,,,,,,,
255,وادی براہ اسکردو سے کتنے فاصلے پر واقع ہے؟,تقریباً 100 کلومیٹر,وادی براہ اسکردو سے تقریباً 100 کلومیٹر کے فاصلے پر واقع ہے۔,90,easy,factual,,,,,,,,,,
256,وادی کریس کی جغرافیائی اہمیت کن عوامل سے ظاہر ہوتی ہے؟,ضلع گانچھے کا دروازہ اور دریائے سندھ و دریائے شیوک کا سنگم,"وادی کریس کو ضلع گانچھے کا دروازہ کہا جاتا ہے، جبکہ یہاں دریائے سندھ اور دریائے شیوک کا سنگم بھی واقع ہے۔",89,medium,list-recall,,,,,,,,,,
257,وادی کریس ضلع گانچھے میں کیا منفرد مقام رکھتی ہے اور یہاں کون سے تاریخی اور قدرتی مقامات موجود ہیں؟,"گانچھے کا دروازہ کہلاتی ہے، دروازۂ جنت پل، قدیم آبی بجلی گھر اور دو دریاؤں کا سنگم موجود ہے","وادی کریس کو ضلع گانچھے کا دروازہ کہا جاتا ہے جہاں دروازۂ جنت نامی پیدل پل، قدیم آبی بجلی گھر، تاریخی نہر اور دریائے سندھ و شیوک کا سنگم موجود ہے",89,medium,list-recall,,,,,,,,,,
258,وادی براہ قدرتی خوبصورتی کے علاوہ کن چیزوں کے لیے مشہور ہے؟,"مچھلی فارم، جھیل، چشمے اور مقامی ثقافت","وادی براہ متعدد مچھلی فارموں، ایک مشہور جھیل، قدرتی چشموں، منفرد ثقافت اور تہواروں کی وجہ سے مشہور ہے۔",90,medium,list-recall,,,,,,,,,,
259,وادی براہ کس وجہ سے مشہور ہے؟,قدرتی خوبصورتی اور مچھلی فارموں کی وجہ سے,وادی براہ اپنی قدرتی خوبصورتی اور متعدد مچھلی فارموں کی وجہ سے مشہور ہے,90,medium,list-recall,,,,,,,,,,
260,وادی براہ میں کون سی قدرتی کششیں موجود ہیں؟,مشہور جھیل اور قدرتی چشمے,وادی براہ میں ایک مشہور جھیل اور متعدد قدرتی چشمے موجود ہیں۔,90,medium,list-recall,,,,,,,,,,
261,ضلع گانچھے میں مہم جوئی اور قدرتی مناظر سے دلچسپی رکھنے والے سیاح کن مقامات کا انتخاب کر سکتے ہیں؟,گونڈوغورو پاس اور وادی براہ,"گونڈوغورو پاس مشہربرم چوٹی کے بیس کیمپ تک رسائی فراہم کرتا ہے جبکہ وادی براہ اپنی قدرتی خوبصورتی، جھیل اور قدرتی چشموں کے لیے مشہور ہے۔","88,90",hard,multi-source,,,,,,,,,,
262,وادی کریس اور وادی براہ سیاحوں کو کس قسم کے قدرتی اور ثقافتی تجربات فراہم کرتی ہیں؟,کریس تاریخی و قدرتی مقامات جبکہ براہ قدرتی حسن اور ثقافت,"وادی کریس سرسبز کھیتوں، تاریخی گھروں اور مہمان نواز لوگوں کے لیے مشہور ہے جبکہ وادی براہ قدرتی خوبصورتی، جھیل، قدرتی چشموں اور مقامی ثقافت و تہواروں کے لیے جانی جاتی ہے۔","89,90",hard,multi-source,,,,,,,,,,
263,ہلدی کونز کہاں واقع ہیں؟,گاؤں ہلدی ضلع گانچھے میں,ہلدی کونز ضلع گانچھے کے گاؤں ہلدی میں واقع ہیں۔,91,easy,factual,,,,,,,,,,
264,ہلدی کونز کس قسم کے پہاڑ ہیں؟,گرینائٹ کے پہاڑ,ہلدی کونز گرینائٹ کے پہاڑ ہیں۔,91,easy,factual,,,,,,,,,,
265,وادی براہ کے مقامی لوگوں کی نمایاں خصوصیات کیا ہیں؟,سادہ محنتی اور مہمان نواز,"وادی براہ کے مقامی لوگ سادہ، محنتی اور مہمان نواز ہیں۔",90,medium,list-recall,,,,,,,,,,
266,ہلدی گاؤں خپلو سے کتنی دور واقع ہے؟,25 کلومیٹر,ہلدی گاؤں خپلو سے تقریباً 25 کلومیٹر کے فاصلے پر واقع ہے۔,91,easy,factual,,,,,,,,,,
267,ہلدی کونز کو قریب سے دیکھنے کے لیے کس گاؤں جانا پڑتا ہے؟,ہلدی گاؤں,ہلدی کونز کو قریب سے دیکھنے کے لیے ہلدی گاؤں جانا چاہیے۔,91,easy,factual,,,,,,,,,,
268,ہلدی کونز سیاحوں کے لیے کیوں توجہ کا مرکز ہے؟,منفرد گرینائٹ پہاڑوں کی وجہ سے مشہور ہیں,ہلدی کونز اپنے منفرد گرینائٹ پہاڑوں کی وجہ سے سیاحوں کی توجہ کا مرکز ہیں۔,91,easy,factual,,,,,,,,,,
269,وادی چوربت کس دریا کی وادی کا حصہ ہے؟,دریائے شیوک,وادی چوربت دریائے شیوک کی وادی کا حصہ ہے۔,92,easy,factual,,,,,,,,,,
270,وادی چوربت کہاں سے کہاں تک پھیلی ہوئی ہے؟,خپلو سے چلونکا تک,وادی چوربت خپلو کے کنارے سے شروع ہو کر چلونکا گاؤں تک پھیلی ہوئی ہے۔,92,easy,factual,,,,,,,,,,
271,اٹھارویں صدی میں چوربت کے خان نے اپنا دارالحکومت کہاں منتقل کیا؟,سکسا سے ترتک,اٹھارویں صدی میں چوربت کے خان نے اپنا دارالحکومت سکسا سے ترتک منتقل کیا۔,92,easy,factual,,,,,,,,,,
272,وادی براہ سیاحوں کے لیے کیوں پرکشش ہے؟,"پُرسکون مناظر، مشہور جھیل اور قدرتی چشموں کی وجہ سے۔","وادی براہ پُرسکون مناظر، مشہور جھیل اور قدرتی چشموں کی وجہ سے سیاحوں کے لیے پرکشش ہے۔",90,medium,list-recall,,,,,,,,,,
273,وادی چوربت جغرافیائی طور پر کہاں واقع ہے؟,یہ گلگت بلتستان اور لداخ کے درمیان واقع ہے,وادی چوربت گلگت بلتستان اور لداخ کے درمیان واقع اہم وادی ہے۔,92,easy,factual,,,,,,,,,,
274,ہلدی کونز کو کن مقامات سے دیکھا جا سکتا ہے؟,خپلو یوچنگ مشہربرم ویو پوائنٹ اور مچولو گاؤں سے,"ہلدی کونز خپلو شہر، یوچنگ مشہربرم ویو پوائنٹ اور مچولو گاؤں سے دیکھے جا سکتے ہیں۔",91,medium,list-recall,,,,,,,,,,
275,وادی چوربت کی تاریخی اہمیت کس واقعے سے وابستہ ہے؟,دارالحکومت کی سکسا سے ترتک منتقلی سے,وادی چوربت کی تاریخی اہمیت اس واقعے سے وابستہ ہے کہ اٹھارویں صدی میں چوربت کے خان نے دارالحکومت سکسا سے ترتک منتقل کیا۔,92,easy,factual,,,,,,,,,,
276,جھیل خرفق کس ضلع میں واقع ہے؟,ضلع گانچھے میں,جھیل خرفق ضلع گانچھے میں واقع ہے۔,93,easy,factual,,,,,,,,,,
277,جھیل خرفق کس وادی میں واقع ہے؟,وادی خرفق میں,جھیل خرفق وادی خرفق میں واقع ہے۔,93,easy,factual,,,,,,,,,,
278,جھیل خرفق خرفق گاؤں سے کتنی دور ہے؟,تقریباً 2 کلومیٹر,جھیل خرفق خرفق گاؤں سے تقریباً 2 کلومیٹر دور واقع ہے۔,93,easy,factual,,,,,,,,,,
279,خرفق گاؤں سے جھیل تک پہنچنے میں کتنا وقت لگتا ہے؟,تقریباً 3 گھنٹے,جھیل تک پہنچنے کے لیے تقریباً 3 گھنٹے کی پیدل مسافت طے کرنا پڑتی ہے۔,93,easy,factual,,,,,,,,,,
280,جھیل خرفق کس پہاڑی سلسلے میں واقع ہے؟,قراقرم میں,جھیل خرفق قراقرم کے پہاڑی سلسلے میں واقع ہے۔,93,easy,factual,,,,,,,,,,
281,جھیل خرفق کس چیز کے لیے مشہور ہے؟,ٹراؤٹ اور مقامی مچھلیوں کے لیے,جھیل خرفق ٹراؤٹ اور مقامی مچھلیوں کے لیے مشہور ہے۔,93,easy,factual,,,,,,,,,,
282,چوربت کے دو اہم اور بڑے دیہات کون سے ہیں؟,سکسا اور ترتک,سکسا اور ترتک چوربت کے اہم اور بڑے دیہات ہیں۔,92,medium,list-recall,,,,,,,,,,
283,جھیل خرفق کے اطراف کا علاقہ کیوں اہم سمجھا جاتا ہے؟,جنگلی حیات کے مسکن کی وجہ سے,جھیل خرفق اور اس کے اطراف کا علاقہ جنگلی حیات کے لیے اہم مسکن سمجھا جاتا ہے۔,93,easy,factual,,,,,,,,,,
284,جھیل خرفق کی سیر کے لیے بہترین مہینے کون سے ہیں؟,جولائی اور اگست,جولائی اور اگست جھیل خرفق کی سیر کے لیے بہترین مہینے ہیں۔,93,easy,factual,,,,,,,,,,
285,سردیوں میں جھیل خرفق کا منظر کیسا ہوتا ہے؟,برف سے ڈھکا ہوا,سردیوں میں جھیل خرفق برف سے ڈھکی ہوئی دلکش دکھائی دیتی ہے۔,93,easy,factual,,,,,,,,,,
286,وادی چوربت کن دو انتظامی علاقوں کے درمیان واقع ہے؟,تحصیل خپلو اور تحصیل نوبرا,وادی چوربت پاکستان میں تحصیل خپلو اور بھارت میں تحصیل نوبرا کے درمیان واقع ہے۔,92,medium,list-recall,,,,,,,,,,
287,جھیل خرفق تک پہنچنے کے لیے سیاحوں کو کیا کرنا پڑتا ہے؟,تقریباً 3 گھنٹے پیدل سفر کرنا پڑتا ہے,خرفق گاؤں سے جھیل تک پہنچنے کے لیے تقریباً 3 گھنٹے پیدل سفر کرنا پڑتا ہے۔,93,easy,factual,,,,,,,,,,
288,وادی چوربت کی جغرافیائی پوزیشن اور تاریخی حکمرانی کے درمیان کیا تعلق ہے؟,"پاکستان اور بھارت کے درمیان واقع ہے، 18ویں صدی میں چوربت کے خان نے دارالحکومت سکسا سے ترتک منتقل کیا",وادی چوربت گلگت بلتستان اور لداخ کے درمیان واقع ہے اور اٹھارویں صدی میں چوربت کے خان نے اپنا دارالحکومت سکسا سے منتقل کرکے ترتک میں قائم کیا جو اس کی تاریخی سرحدی اہمیت کو ظاہر کرتا ہے,92,medium,list-recall,,,,,,,,,,
289,جھیل خرفق میں کس قسم کی مچھلیاں پائی جاتی ہیں؟,ٹراؤٹ اور مقامی مچھلیاں,جھیل خرفق میں ٹراؤٹ اور مقامی مچھلیاں پائی جاتی ہیں۔,93,medium,list-recall,,,,,,,,,,
290,جھیل گانچھے کا مقامی نام کیا ہے؟,کینپی تسو,جھیل گانچھے کا مقامی نام کینپی تسو ہے۔,94,easy,factual,,,,,,,,,,
291,جھیل گانچھے کی سطح سمندر سے بلندی کتنی ہے؟,4600 میٹر,جھیل گانچھے تقریباً 4600 میٹر کی بلندی پر واقع ہے۔,94,easy,factual,,,,,,,,,,
292,قدرتی ماحول سے دلچسپی رکھنے والے سیاح جھیل خرفق کیوں جاتے ہیں؟,جنگلی حیات اور قدرتی حسن کی وجہ سے,"جھیل خرفق منفرد ماحول،ٹراؤٹ مچھلیوں اور جنگلی حیات کی وجہ سے سیاحوں کو اپنی طرف متوجہ کرتی ہے۔",93,medium,list-recall,,,,,,,,,,
293,جھیل خرفق ماہی گیری اور فطرت سے محبت کرنے والوں کے لیے کیوں موزوں ہے؟,مچھلیوں اور قدرتی ماحول کی وجہ سے,"جھیل خرفق ٹراؤٹ مچھلیوں،منفرد ماحول اور جنگلی حیات کی وجہ سے ماہی گیری اور فطرت سے محبت کرنے والوں کے لیے موزوں مقام ہے۔",93,medium,list-recall,,,,,,,,,,
294,جھیل خرفق مختلف موسموں میں سیاحوں کو کیا منفرد تجربات فراہم کرتی ہے؟,گرمیوں میں سیر اور سردیوں میں برفانی مناظر,گرمیوں میں جھیل خرفق سیاحت کے لیے موزوں ہوتی ہے جبکہ سردیوں میں برف سے ڈھکے مناظر پیش کرتی ہے۔,93,medium,list-recall,,,,,,,,,,
295,چقچن مسجد کہاں واقع ہے؟,خپلو شہر ضلع گانچھے میں,چقچن مسجد ضلع گانچھے کے شہر خپلو میں واقع ہے۔,95,easy,factual,,,,,,,,,,
296,چقچن مسجد کا مطلب کیا ہے؟,معجزاتی مسجد,"چقچن مسجد کا مطلب ""معجزاتی مسجد"" ہے۔",95,easy,factual,,,,,,,,,,
297,خپلو کس ضلع کا انتظامی مرکز ہے؟,ضلع گانچھے کا,خپلو ضلع گانچھے کا انتظامی اور تجارتی مرکز ہے۔,97,easy,factual,,,,,,,,,,
298,جھیل گانچھے سے کون سی بڑی چوٹیاں نظر آتی ہیں؟,کے ٹو براڈ پیک گاشر برم 4 3 2 کے 6 کے 7 ہرنامی کا چوٹی چوغو لنگسا چوٹی,"جھیل گانچھے سے کے ٹو، براڈ پیک، گاشر برم 4، گاشر برم 3، گاشر برم 2، کے 6، کے 7، ہرنامی کا اور چوغو لنگسا چوٹی دیکھی جا سکتی ہیں۔",94,medium,list-recall,,,,,,,,,,
299,جھیل گانچھے کے آس پاس کون سے قدرتی عناصر موجود ہیں؟,چراگاہیں پھول گلیشیئر ندی نالے پہاڑ,"جھیل گانچھے سرسبز چراگاہوں، پھولوں، گلیشیئرز، ندی نالوں اور پہاڑی سلسلوں سے گھری ہوئی ہے۔",94,medium,list-recall,,,,,,,,,,
300,جھیل گانچھے سیاحوں کے لیے ایک منفرد مقام کیوں سمجھی جاتی ہے؟,بلندی اور بلند چوٹیوں کے نظارے کی وجہ سے,"جھیل گانچھے سطحِ سمندر سے تقریباً 4600 میٹر کی بلندی پر واقع ہے اور یہاں سے دنیا کی بلند ترین چوٹیوں کے شاندار نظارے کیے جا سکتے ہیں، اسی وجہ سے یہ منفرد سیاحتی مقام سمجھی جاتی ہے۔",94,medium,list-recall,,,,,,,,,,
301,جھیل گانچھے کی بلندی اور اس کے اردگرد نظر آنے والی چوٹیاں اسے کوہ پیماؤں کے لیے کیوں خاص بناتی ہیں؟,"4600 میٹر بلند، K2 براڈ پیک گاشربرم سمیت دنیا کی بلند ترین چوٹیوں کا نظارہ ملتا ہے","جھیل گانچھے 4600 میٹر کی بلندی پر واقع ہے اور یہاں سے K2، براڈ پیک، گاشربرم 2، گاشربرم 3، گاشربرم 4، K6، K7 سمیت دنیا کی بلند ترین چوٹیوں کا شاندار نظارہ کیا جا سکتا ہے",94,medium,list-recall,,,,,,,,,,
302,چقچن مسجد تاریخی لحاظ سے کیوں اہم ہے؟,بلتستان کی قدیم ترین مسجد اور بدھ مت سے اسلام کی منتقلی کی یادگار,چقچن مسجد 1370ء میں تعمیر ہوئی اور بلتستان کی قدیم ترین مساجد میں شمار ہوتی ہے۔یہ اس تاریخی دور کی یادگار ہے جب خطے میں بدھ مت سے اسلام کی جانب مذہبی تبدیلی رونما ہو رہی تھی۔,95,medium,list-recall,,,,,,,,,,
303,خپلو کس علاقے میں واقع ہے؟,گلگت بلتستان میں,خپلو گلگت بلتستان میں واقع ہے۔,97,easy,factual,,,,,,,,,,
304,خپلو وادی کس چیز کے لیے مشہور ہے؟,ثقافتی ورثے اور قدرتی خوبصورتی کے لیے,خپلو اپنی ثقافتی ورثے اور قدرتی خوبصورتی کے لیے مشہور ہے۔,97,easy,factual,,,,,,,,,,
305,خپلو سے کون سی وادی تک رسائی حاصل ہوتی ہے؟,ہوشے وادی,خپلو ہوشے وادی کا دروازہ ہے۔,97,easy,factual,,,,,,,,,,
306,چقچن مسجد میں کون کون سے تعمیراتی انداز شامل ہیں؟,تبتی مغلیہ فارسی,"چقچن مسجد میں تبتی، مغلیہ اور فارسی طرزِ تعمیر کا امتزاج پایا جاتا ہے۔",95,medium,list-recall,,,,,,,,,,
307,چقچن مسجد کی تعمیر میں کون کون سا مواد استعمال ہوا ہے؟,پتھر مٹی لکڑی,"چقچن مسجد پتھر، مٹی، لکڑی اور روایتی تعمیراتی مواد سے بنائی گئی ہے۔",95,medium,list-recall,,,,,,,,,,
308,چقچن مسجد کو خطے کی تاریخی اور مذہبی تبدیلی کی علامت کیوں سمجھا جاتا ہے؟,بدھ مت سے اسلام کی منتقلی اور قدیم عبادت گاہ پر تعمیر کی وجہ سے,"چقچن مسجد اس وقت کی نمائندگی کرتی ہے جب خطے کے لوگ بدھ مت سے اسلام میں داخل ہوئے، اور اسے ایک قدیم بدھ مت مقام پر تعمیر کیا گیا تھا۔",95,medium,list-recall,,,,,,,,,,
309,چقچن مسجد کی تعمیراتی خصوصیات اسے دیگر مساجد سے کیسے منفرد بناتی ہیں؟,تبتی مغلیہ فارسی امتزاج اور دو منزلہ ساخت,"چقچن مسجد کا تبتی، مغلیہ اور فارسی طرزِ تعمیر کا امتزاج اور اس کی دو منزلہ ساخت اسے دیگر مساجد سے منفرد بناتے ہیں۔",95,medium,list-recall,,,,,,,,,,
310,چقچن مسجد کو گانچھے کی اہم تاریخی عمارت کیوں کہا جاتا ہے؟,قدیم تاریخ اور منفرد تعمیراتی انداز کی وجہ سے,چقچن مسجد اپنی قدامت (1370ء) اور منفرد تعمیراتی طرز کی وجہ سے گانچھے کی اہم تاریخی عمارت سمجھی جاتی ہے۔,95,medium,list-recall,,,,,,,,,,
311,خپلو وادی میں کون کون سے ہوٹل اور گیسٹ ہاؤسز موجود ہیں؟,پی ٹی ڈی سی موٹل پی ڈبلیو ڈی گیسٹ ہاؤس سرینا خپلو فورٹ,"خپلو وادی میں پی ٹی ڈی سی موٹل خپلو، پی ڈبلیو ڈی گیسٹ ہاؤس اور سرینا خپلو فورٹ شامل ہیں۔",97,medium,list-recall,,,,,,,,,,
312,خپلو محل کہاں واقع ہے؟,خپلو ضلع گانچھے میں,خپلو محل ضلع گانچھے کے شہر خپلو میں واقع ہے۔,96,easy,factual,,,,,,,,,,
313,خپلو محل کب تعمیر ہوا تھا؟,انیسویں صدی کے وسط میں,خپلو محل 19ویں صدی کے وسط میں تعمیر کیا گیا تھا۔,96,easy,factual,,,,,,,,,,
314,خپلو محل کس کے لیے رہائش گاہ تھا؟,راجہِ خپلو کے لیے,خپلو محل راجہِ خپلو کی شاہی رہائش گاہ تھا۔,96,easy,factual,,,,,,,,,,
315,خپلو وادی میں سیاحوں کے لیے کون کون سی خصوصیات موجود ہیں؟,پکنک پوائنٹس باغات پہاڑ تاریخی عمارتیں,"خپلو وادی میں پکنک پوائنٹس، باغات، بلند پہاڑ اور تاریخی عمارتیں موجود ہیں۔",97,medium,list-recall,,,,,,,,,,
316,خپلو کو سیاحتی مرکز کیوں سمجھا جاتا ہے؟,قدرتی حسن ثقافتی ورثہ اور ہوشے وادی تک رسائی کی وجہ سے,"خپلو اپنی قدرتی خوبصورتی، ثقافتی ورثے اور ہوشے وادی تک رسائی فراہم کرنے کی وجہ سے ایک اہم سیاحتی مرکز ہے۔",97,medium,list-recall,,,,,,,,,,
317,سرینا خپلو فورٹ کو تاریخی ورثہ ہوٹل کیوں کہا جاتا ہے؟,شاہی رہائش گاہ سے بحالی کے بعد ہوٹل میں تبدیلی کی وجہ سے,"سرینا خپلو فورٹ پہلے ایک شاہی رہائش گاہ تھا جسے بحال کرکے ورثہ ہوٹل میں تبدیل کیا گیا، اسی لیے اسے تاریخی ورثہ ہوٹل کہا جاتا ہے۔",97,medium,list-recall,,,,,,,,,,
318,سالنگ وادی کہاں واقع ہے؟,ضلع گانچھے میں,سالنگ وادی ضلع گانچھے میں واقع ہے۔,98,easy,factual,,,,,,,,,,
319,خپلو محل کی تعمیر میں کون کون سے طرزِ تعمیر شامل ہیں؟,ہمالیائی کشمیری مغلیہ,"خپلو محل میں ہمالیائی، کشمیری اور مغلیہ طرزِ تعمیر کا امتزاج پایا جاتا ہے۔",96,medium,list-recall,,,,,,,,,,
320,سالنگ وادی کس چیز کے لیے مشہور ہے؟,قدرتی حسن اور سیاحتی مقامات کے لیے,سالنگ وادی اپنے قدرتی حسن اور سیاحتی مقامات کے لیے مشہور ہے۔,98,easy,factual,,,,,,,,,,
321,سالنگ وادی کس وادی کے لیے داخلی راستہ ہے؟,ہوشے وادی,سالنگ وادی ہوشے وادی کا داخلی راستہ ہے۔,98,easy,factual,,,,,,,,,,
322,سالنگ وادی میں کون سا قلعہ موجود تھا؟,امچہ شاہی قلعہ,سالنگ وادی میں امچہ شاہی خاندان کا قدیم قلعہ موجود تھا۔,98,easy,factual,,,,,,,,,,
323,مورتزہ چوٹی کوہ پیمائی کے لیے کیوں مشہور ہے؟,نوآموز کوہ پیماؤں کے لیے اہم مقام,مورتزہ چوٹی 5100 میٹر کی بلندی پر ہے اور نوآموز کوہ پیماؤں کے لیے اہم مقام سمجھی جاتی ہے۔,99,easy,factual,,,,,,,,,,
324,خپلو محل کی نمایاں خصوصیات کیا ہیں؟,قدیم محل اور لکڑی کا داخلی دروازہ,خپلو محل کی نمایاں خصوصیات میں اس کا قدیم طرزِ تعمیر اور نیم آٹھ کونوں والا لکڑی کا داخلی دروازہ شامل ہے۔,96,medium,list-recall,,,,,,,,,,
325,خپلو محل کی تعمیراتی طرز اس کے تاریخی دور کی عکاسی کیسے کرتی ہے؟,مغلیہ اثرات اور کشمیری روایت کے امتزاج کی وجہ سے,خپلو محل کی تعمیر میں مغلیہ اثرات اور کشمیری روایات کا امتزاج اس بات کی عکاسی کرتا ہے کہ اس دور میں مقامی حکمران ثقافتی طور پر مختلف سلطنتوں سے متاثر تھے۔,96,medium,list-recall,,,,,,,,,,
326,خپلو محل کی قدرتی اور تعمیراتی خصوصیات اس کی اہمیت کیسے بڑھاتی ہیں؟,قدرتی ماحول اور منفرد لکڑی کا ڈیزائن,خپلو محل کا قدرتی ماحول اور اس کا نیم آٹھ کونوں والا لکڑی کا منفرد ڈیزائن اس کی تاریخی اور سیاحتی اہمیت کو بڑھاتا ہے۔,96,medium,list-recall,,,,,,,,,,
327,سالنگ وادی میں کون کون سی زرعی فصلیں اگائی جاتی ہیں؟,گندم آلو ٹماٹر,"سالنگ وادی میں گندم، آلو اور ٹماٹر اگائے جاتے ہیں۔",98,medium,list-recall,,,,,,,,,,
328,سالنگ وادی میں کون کون سے قدرتی وسائل موجود ہیں؟,جھیل چشمے گرم چشمہ فش فارم,"سالنگ وادی میں جھیل، قدرتی چشمے، گرم چشمہ اور فش فارم موجود ہیں۔",98,medium,list-recall,,,,,,,,,,
329,ہوشے وادی میں ایڈونچر ٹورازم کب شروع ہوا؟,1960 کی دہائی میں,1960 کی دہائی میں ایڈونچر ٹورازم کے آغاز کے بعد ہوشے وادی ٹریکنگ اور کوہ پیمائی کی سرگرمیوں کا اہم مرکز بن گئی۔,99,easy,factual,,,,,,,,,,
330,ہوشے وادی کہاں واقع ہے؟,ضلع گانچھے میں,ہوشے وادی گلگت بلتستان کے ضلع گانچھے کا آخری گاؤں ہے۔,99,easy,factual,,,,,,,,,,
331,ہوشے وادی کس پہاڑی سلسلے کے بلند پہاڑوں کے لیے مشہور ہے؟,قراقرم سلسلہ,ہوشے وادی قراقرم کے بلند پہاڑوں اور چوٹیوں کے لیے مشہور ہے۔,99,easy,factual,,,,,,,,,,
332,مورتازہ چوٹی کی بلندی کتنی ہے؟,5100 میٹر,مورتازہ چوٹی کی بلندی تقریباً 5100 میٹر ہے۔,99,easy,factual,,,,,,,,,,
333,سالنگ وادی کی زرعی اور قدرتی خصوصیات اس کی مقامی معیشت کو کیسے متاثر کرتی ہیں؟,زرعی زمین اور فش فارم کی وجہ سے,سالنگ وادی میں زرعی زمین اور فش فارم موجود ہیں جو مقامی لوگوں کی معیشت اور روزگار میں اہم کردار ادا کرتے ہیں۔,98,medium,list-recall,,,,,,,,,,
334,ہوشے وادی کے اہم ذیلی علاقے کون کون سے ہیں؟,گوندوقورو چارکوسا نغمہ نانبروق اور مشابرم,"ہوشے وادی کے اہم ذیلی علاقوں میں گوندوقورو، چارکوسا، نغمہ، نانبروق اور مشابرم شامل ہیں۔",99,medium,list-recall,,,,,,,,,,
335,ہوشے وادی 1960 کی دہائی کے بعد کس سرگرمی کا اہم مرکز بنی؟,ٹریکنگ اور کوہ پیمائی,ایڈونچر ٹورازم کے آغاز کے بعد ہوشے وادی ٹریکنگ اور کوہ پیمائی کا اہم مرکز بن گئی۔,99,easy,factual,,,,,,,,,,
336,ہوشے وادی کے اطراف کون کون سی معروف چوٹیاں واقع ہیں؟,لیلہ پیک کے سکس کے سیون,"ہوشے وادی کے اطراف لیلہ پیک، K6 اور K7 جیسی معروف چوٹیاں واقع ہیں۔",99,medium,list-recall,,,,,,,,,,
337,"وادی کریس کے مشہور پیدل پل ""ڈور ٹو ہیون"" کے قریب کیا تاریخی نشانات موجود ہیں، اور چقچن مسجد کس دور کی یادگار ہے؟","پل کے قریب قدیم آبی بجلی گھر، تاریخی نہر اور آستانہ حضرت میر مختار و علی موسوی موجود ہیں؛ چقچن مسجد 1370ء کی، بدھ مت سے اسلام میں تبدیلی کی علامت","وادی کریس میں ""ڈور ٹو ہیون"" پل کے قریب قدیم آبی بجلی گھر، تاریخی نہر اور آستانہ حضرت میر مختار و علی موسوی جیسے تاریخی نشانات موجود ہیں۔ چقچن مسجد 1370ء میں تعمیر ہوئی اور یہ اُس دور کی یادگار ہے جب اس علاقے کے لوگ بدھ مت سے اسلام میں داخل ہوئے۔","89,95",hard,multi-source,,,,,,,,,,
338,ہوشے وادی میں نوآموز کوہ پیماؤں کے لیے کون سی چوٹی اہم سمجھی جاتی ہے؟,مورتازہ چوٹی (5100 میٹر),مورتازہ چوٹی (5100 میٹر) K6 بیس کیمپ کے قریب واقع ہے اور نوآموز کوہ پیماؤں کے لیے اہم مقام سمجھی جاتی ہے۔,99,easy,factual,,,,,,,,,,
339,تھلے وادی کہاں واقع ہے؟,ضلع گانچھے میں,تھلے وادی ضلع گانچھے میں واقع ہے۔,100,easy,factual,,,,,,,,,,
340,تھلے وادی سطح سمندر سے کتنی بلندی پر واقع ہے؟,2647 میٹر,تھلے وادی سطح سمندر سے تقریباً 2647 میٹر بلند ہے۔,100,easy,factual,,,,,,,,,,
341,تھلے بروق کس سرگرمی کے لیے مشہور ہے؟,کیمپنگ اور ہائیکنگ,تھلے بروق کیمپنگ اور ہائیکنگ کے لیے مشہور ہے۔,100,easy,factual,,,,,,,,,,
342,ہوشے وادی کے ذریعے کن اہم مقامات سے آنے والے کوہ پیماؤں کو راستہ ملتا ہے؟,بالٹورو گلیشیئر کونکورڈیا کے ٹو,"کوہ پیما بالٹورو گلیشیئر، کونکورڈیا اور K2 سے گوندوقورو پاس عبور کرکے ہوشے وادی پہنچتے ہیں۔",99,medium,list-recall,,,,,,,,,,
343,ضلع غذر کی بلند ترین چوٹی کون سی ہے؟,کویو زوم,ضلع غذر کی بلند ترین چوٹی کویو زوم ہے۔,101,easy,factual,,,,,,,,,,
344,ہوشے وادی کو کوہ پیمائی اور ٹریکنگ کا مرکز کیوں سمجھا جاتا ہے؟,بلند چوٹیوں اور اہم راستوں کی وجہ سے,"ہوشے وادی کے گرد بلند چوٹیاں موجود ہیں اور یہ کئی مشہور ٹریکنگ اور کوہ پیمائی راستوں سے منسلک ہے، اس لیے اسے اس سرگرمیوں کا مرکز سمجھا جاتا ہے۔",99,medium,list-recall,,,,,,,,,,
345,ہوشے وادی کی معاشی صورتحال میں بہتری کیسے آئی؟,ایڈونچر ٹورازم کی ترقی سے,1960 کی دہائی کے بعد ایڈونچر ٹورازم کے فروغ سے ہوشے وادی ٹریکنگ اور کوہ پیمائی کا اہم مرکز بن گئی۔,99,medium,list-recall,,,,,,,,,,
346,گوندوقورو پاس اور ہوشے وادی کے ذریعے کون کون سے مشہور مقامات تک رسائی حاصل کی جا سکتی ہے؟,"بالٹورو گلیشیئر، کونکورڈیا، K2 اور گاشربرم چوٹیوں تک",گوندوقورو پاس کے ذریعے بالٹورو گلیشیئر اور کونکورڈیا سے آنے والے کوہ پیما ہوشے وادی پہنچتے ہیں جبکہ گاشربرم چوٹیوں تک رسائی بھی اسی وادی کے راستے ممکن ہے۔,99,medium,list-recall,,,,,,,,,,
347,تھلے وادی کن مقامات تک رسائی فراہم کرتی ہے؟,K2 بیس کیمپ اور شگر وادی,تھلے وادی K2 بیس کیمپ تک رسائی فراہم کرتی ہے جبکہ تھلے لا کے ذریعے شگر وادی تک بھی پہنچا جا سکتا ہے۔,100,medium,list-recall,,,,,,,,,,
348,پونیال وادی کو کس نام سے جانا جاتا ہے؟,فروٹ باسکٹ,پونیال وادی کو گلگت بلتستان کی فروٹ باسکٹ کہا جاتا ہے۔,102,easy,factual,,,,,,,,,,
349,دنیا کا بلند ترین پولو گراؤنڈ کہاں واقع ہے؟,شندور پاس میں,شندور پاس دنیا کے بلند ترین پولو گراؤنڈ کی میزبانی کرتا ہے۔,102,easy,factual,,,,,,,,,,
350,برسٹ وادی کس ضلع میں واقع ہے؟,ضلع غذر میں,برسٹ وادی ضلع غذر میں واقع ہے۔,103,easy,factual,,,,,,,,,,
351,تھلے وادی کے سیاحتی تجربات میں کون کون سی خصوصیات شامل ہیں؟,کیمپنگ ہائیکنگ چاندنی راتیں,"تھلے وادی میں کیمپنگ، ہائیکنگ اور مکمل چاند کے دوران خوبصورت چاندنی راتوں کا لطف اٹھایا جا سکتا ہے۔",100,medium,list-recall,,,,,,,,,,
352,تھلے لا کے راستے سیاح کیا کیا دیکھ سکتے ہیں؟,شگر وادی اور برف پوش پہاڑ,تھلے لا کے راستے سیاح شگر وادی اور برف پوش پہاڑوں کے دلکش مناظر دیکھ سکتے ہیں۔,100,medium,list-recall,,,,,,,,,,
353,تھلے وادی خپلو اور اسکردو سے کتنے فاصلے پر واقع ہے؟,خپلو سے 35 کلومیٹر اور اسکردو سے 110 کلومیٹر,تھلے وادی ضلعی ہیڈکوارٹر خپلو سے تقریباً 35 کلومیٹر شمال مغرب اور اسکردو شہر سے 110 کلومیٹر کے فاصلے پر واقع ہے۔,100,medium,list-recall,,,,,,,,,,
354,تھلے وادی کی جغرافیائی خصوصیات اس کی سیاحتی کشش کو کیسے بڑھاتی ہیں؟,"بلندی، قدرتی مناظر اور برف پوش پہاڑوں کی وجہ سے","تھلے وادی کی بلندی، قدرتی مناظر، چاندنی راتیں اور برف پوش پہاڑ اس کی سیاحتی کشش میں اضافہ کرتے ہیں۔",100,medium,list-recall,,,,,,,,,,
355,تھلے وادی کی معیشت اور قدرتی ماحول میں کیا تعلق ہے؟,زرعی زمین اور موزوں جغرافیائی حالات کی وجہ سے,تھلے وادی سنگل کراپنگ زون میں واقع ہے اور اس کے موزوں قدرتی حالات زراعت کو مقامی آبادی کا بنیادی ذریعہ معاش بناتے ہیں۔,100,medium,list-recall,,,,,,,,,,
356,ضلع غذر کے اہم درے کون کون سے ہیں؟,شندور قرمبر ہیال بچھڑ تھوئی اور ڈارکوٹ پاس,": ضلع غذر کے اہم دروں میں شندور پاس، قرمبر پاس، ہیال پاس، بچھڑ پاس، تھوئی پاس اور ڈارکوٹ پاس شامل ہیں۔",101,medium,list-recall,,,,,,,,,,
357,برسٹ وادی گلگت شہر سے کتنی دور واقع ہے؟,تقریباً چھ گھنٹے کی مسافت پر,برسٹ وادی گلگت شہر سے تقریباً چھ گھنٹے کی مسافت پر واقع ہے۔,103,easy,factual,,,,,,,,,,
358,برسٹ وادی کی بلندی کتنی ہے؟,10720 فٹ,برسٹ وادی سطح سمندر سے تقریباً 10720 فٹ بلند ہے۔,103,easy,factual,,,,,,,,,,
359,برسٹ وادی شندور ٹاپ سے کتنے فاصلے پر واقع ہے؟,22 کلومیٹر,برسٹ وادی شندور ٹاپ سے تقریباً 22 کلومیٹر کے فاصلے پر واقع ہے۔,103,easy,factual,,,,,,,,,,
360,ضلع غذر کی سب سے بلند چوٹی کون سی ہے اور اس کی بلندی کتنی ہے؟,"کویو زوم، 6871 میٹر",ضلع غذر کی بلند ترین چوٹی کویو زوم ہے جس کی بلندی 6871 میٹر ہے اور یہ ہندوکش پہاڑی سلسلے کا حصہ ہے۔,101,medium,list-recall,,,,,,,,,,
361,ضلع غذر میں کون کون سی زبانیں بولی جاتی ہیں؟,شینا کھوار بروشسکی وخی اردو انگریزی,"ضلع غذر میں شینا، کھوار، بروشسکی، وخی، اردو اور انگریزی بولی جاتی ہیں۔",102,medium,list-recall,,,,,,,,,,
362,ضلع غذر کے مشہور سیاحتی مقامات کون کون سے ہیں؟,پونیال گوپس شیر قلعہ چتورکھنڈ خلتی پھندر یاسین اشکومن,"ضلع غذر کے مشہور سیاحتی مقامات میں پونیال، گوپس، شیر قلعہ، چتورکھنڈ، خلتی، پھندر، یاسین اور اشکومن شامل ہیں۔",102,medium,list-recall,,,,,,,,,,
363,ضلع غذر کو سیاحتی لحاظ سے متنوع ضلع کیوں سمجھا جاتا ہے؟,"متعدد وادیوں، تہواروں اور بیرونی سرگرمیوں کی وجہ سے","ضلع غذر میں متعدد وادیاں، فشنگ، کیمپنگ، ٹریکنگ، پولو ٹورنامنٹ اور آئس ہاکی فیسٹیول جیسے متنوع سیاحتی مواقع موجود ہیں، اس لیے اسے سیاحتی لحاظ سے متنوع ضلع سمجھا جاتا ہے۔","101,102",hard,multi-source,,,,,,,,,,
364,شندور پاس کی سیاحتی اہمیت کن عوامل سے ظاہر ہوتی ہے؟,بلند ترین پولو گراؤنڈ اور سالانہ ٹورنامنٹ کی وجہ سے,"شندور پاس دنیا کے بلند ترین پولو گراؤنڈ کی میزبانی کرتا ہے اور یہاں ہر سال فری اسٹائل پولو ٹورنامنٹ منعقد ہوتا ہے، جس سے اس کی سیاحتی اہمیت ظاہر ہوتی ہے۔",102,medium,list-recall,,,,,,,,,,
365,ضلع غذر کی جغرافیائی حیثیت اس کی ثقافتی اور لسانی تنوع کو کیسے ظاہر کرتی ہے؟,متعدد سرحدی علاقوں اور مختلف زبانوں کی موجودگی کی وجہ سے,"ضلع غذر مختلف علاقوں کے سنگم پر واقع ہے اور یہاں شینا، کھوار، بروشسکی اور وخی سمیت کئی زبانیں بولی جاتی ہیں، جو اس کے ثقافتی اور لسانی تنوع کو ظاہر کرتی ہیں۔","101,102",hard,multi-source,,,,,,,,,,
366,برسٹ وادی کے قریب کون سا مشہور سیاحتی مقام واقع ہے؟,شندور ٹاپ,برسٹ وادی شندور ٹاپ کے قریب واقع ہے جو ایک مشہور سیاحتی مقام ہے۔,103,easy,factual,,,,,,,,,,
367,"پھنڈر کو ""لٹل کشمیر"" کیوں کہا جاتا ہے؟",سرسبز وادیوں اور نیلی جھیلوں کی وجہ سے,"پھنڈر وادی اپنی سرسبز وادیوں، سبز کھیتوں، گہرے نیلے رنگ کی جھیلوں اور بہتے دریا کی وجہ سے ""لٹل کشمیر"" کہلاتی ہے۔",106,easy,factual,,,,,,,,,,
368,پھنڈر وادی کس ضلع میں واقع ہے؟,ضلع غذر میں,پھنڈر وادی ضلع غذر میں واقع ہے۔,106,easy,factual,,,,,,,,,,
369,پھنڈر وادی تک پہنچنے والی سڑک کس وادی سے شروع ہوتی ہے؟,گوپس وادی سے,پھنڈروادی تک جانے والی سڑک گوپس وادی سے شروع ہوتی ہے۔,104,easy,factual,,,,,,,,,,
370,برسٹ وادی کی سیاحتی کشش کے اہم عناصر کون کون سے ہیں؟,قدرتی مناظر ٹراؤٹ ندی نالے مقامی ثقافت,"برسٹ وادی کی سیاحتی کشش میں قدرتی مناظر، ٹراؤٹ سے بھرپور ندی نالے اور مقامی ثقافت شامل ہیں۔",103,medium,list-recall,,,,,,,,,,
371,گوپس سےپھنڈر وادی تک سڑک کی لمبائی کتنی ہے؟,61 کلومیٹر,گوپس وادی سے پھنڈروادی تک سڑک تقریباً 61 کلومیٹر طویل ہے۔,104,easy,factual,,,,,,,,,,
372,برسٹ وادی ماہی گیری کے شوقین افراد کے لیے کیوں پرکشش ہے؟,ٹراؤٹ سے بھرپور ندی نالوں کی وجہ سے,"برسٹ وادی میں ٹراؤٹ مچھلی سے بھرپور ندی نالے موجود ہیں، اس لیے یہ ماہی گیری کے شوقین افراد کے لیے ایک پرکشش مقام ہے۔",103,medium,list-recall,,,,,,,,,,
373,برسٹ وادی کی سیاحتی اہمیت کن جغرافیائی اور ثقافتی عوامل سے بڑھتی ہے؟,شندور ٹاپ کی قربت اور کھوار ثقافت کی وجہ سے,"برسٹ وادی شندور ٹاپ کے قریب واقع ہے اور یہاں کھوار زبان و ثقافت موجود ہے، جو اس کی سیاحتی اہمیت کو مزید بڑھاتے ہیں۔",103,medium,list-recall,,,,,,,,,,
374,پھنڈر وادی کس قدرتی خصوصیت کے لیے مشہور ہے؟,شفاف چشموں اور نیلی جھیلوں کے لیے,پھنڈر وادی شفاف پانی کے چشموں اور گہرے نیلے رنگ کی جھیلوں کے لیے مشہور ہے۔,104,easy,factual,,,,,,,,,,
375,پھنڈر وادی گلگت اور چترال سے کتنے وقت میں پہنچا جا سکتا ہے؟,گلگت سے 5 سے 6 گھنٹے,پھنڈر وادی گلگت اور چترال دونوں اطراف سے قابل رسائی ہے اور گلگت شہر سے یہاں پہنچنے میں تقریباً 5 سے 6 گھنٹے لگتے ہیں۔,106,easy,factual,,,,,,,,,,
376,خلتی آئس ہاکی فیسٹیول کس محکمے کے سالانہ کیلنڈر کا حصہ ہے؟,گلگت بلتستان کے محکمہ سیاحت کا,خلتی آئس ہاکی فیسٹیول گلگت بلتستان کے محکمہ سیاحت کے سالانہ کیلنڈر کا حصہ ہے۔,105,easy,factual,,,,,,,,,,
377,خلتی جھیل کہاں واقع ہے؟,گاؤں خلتی ضلع غذر میں,"خلتی جھیل گاؤں خلتی، ضلع غذر میں واقع ہے۔",105,easy,factual,,,,,,,,,,
378,خلتی جھیل سطح سمندر سے کتنی بلندی پر واقع ہے؟,2217 میٹر,خلتی جھیل سطح سمندر سے تقریباً 2217 میٹر کی بلندی پر واقع ہے۔,105,easy,factual,,,,,,,,,,
379,پھنڈر وادی تک سفر کے دوران کون کون سے مناظر دیکھنے کو ملتے ہیں؟,سرسبز کھیت جنگلات دریا برف پوش چوٹیاں,"پھنڈر وادی تک جاتے ہوئے سرسبز کھیت، جنگلات، بہتے ہوئے دریا اور برف پوش چوٹیاں دیکھنے کو ملتی ہیں۔",104,medium,list-recall,,,,,,,,,,
380,پھنڈر وادی میں پانی سے متعلق کون کون سی قدرتی خوبیاں موجود ہیں؟,شفاف چشمے نیلی جھیلیں دریا,"پھنڈروادی میں شفاف پانی کے چشمے، گہرے نیلے رنگ کی جھیلیں اور دریا موجود ہیں۔",104,medium,list-recall,,,,,,,,,,
381,پھنڈر وادی کو قدرتی حسن کا منفرد نمونہ کیوں سمجھا جاتا ہے؟,متنوع آبی اور پہاڑی مناظر کی وجہ سے,"پھنڈر وادی میں شفاف چشمے، نیلی جھیلیں، دریا، سرسبز میدان اور برف پوش چوٹیاں موجود ہیں، جو اسے قدرتی حسن کا منفرد نمونہ بناتے ہیں۔",104,medium,list-recall,,,,,,,,,,
382,خلتی جھیل کس مچھلی کے لیے مشہور ہے؟,ٹراؤٹ مچھلی,خلتی جھیل ٹراؤٹ مچھلی کے مسکن کے طور پر مشہور ہے۔,106,easy,factual,,,,,,,,,,
383,سردیوں میں خلتی جھیل کی کیا خاصیت ہوتی ہے؟,جھیل جم جاتی ہے,سردیوں میں خلتی جھیل جم جاتی ہے اور لوگ اس کی سطح پر چل سکتے ہیں۔,105,easy,factual,,,,,,,,,,
384,خلتی جھیل میں کون سا سالانہ تہوار منعقد ہوتا ہے؟,خلتی آئس ہاکی فیسٹیول,خلتی جھیل میں ہر سال خلتی آئس ہاکی فیسٹیول منعقد ہوتا ہے۔,105,easy,factual,,,,,,,,,,
385,پھنڈر وادی  اور کس نام سے جانی جاتی ہے؟,لٹل کشمیر,"پھنڈر وادی اپنی سرسبز وادیوں، سبز کھیتوں، نیلی جھیلوں اور بہتے ہوئے دریا کی وجہ سے ""لٹل کشمیر"" کہلاتی ہے۔",106,easy,factual,,,,,,,,,,
386,پھنڈر وادی گلگت شہر سے کتنی دیر کی مسافت پر واقع ہے؟,تقریباً 5 سے 6 گھنٹے,گلگت شہر سے فندر وادی پہنچنے میں تقریباً 5 سے 6 گھنٹے لگتے ہیں۔,106,easy,factual,,,,,,,,,,
387,پھنڈر وادی کے لوگ کون سی زبان بولتے ہیں؟,کھوار,پھنڈر وادی کے لوگ کھوار زبان بولتے ہیں۔,106,easy,factual,,,,,,,,,,
388,پھنڈرجھیل کس مچھلی کا قدرتی مسکن ہے؟,ٹراؤٹ مچھلی,پھنڈرجھیل ٹراؤٹ مچھلی کا قدرتی مسکن ہے۔,105,easy,factual,,,,,,,,,,
389,خلتی جھیل کی نمایاں قدرتی اور تفریحی خصوصیات کیا ہیں؟,ٹراؤٹ مچھلی اور آئس ہاکی فیسٹیول,خلتی جھیل ٹراؤٹ مچھلی کے مسکن اور سالانہ آئس ہاکی فیسٹیول کی وجہ سے مشہور ہے۔,105,medium,list-recall,,,,,,,,,,
390,خلتی جھیل سردیوں میں سیاحوں کے لیے کیوں منفرد بن جاتی ہے؟,جھیل کے جم جانے اور آئس ہاکی فیسٹیول کی وجہ سے,"سردیوں میں جھیل جم جاتی ہے اور یہاں آئس ہاکی فیسٹیول منعقد ہوتا ہے، جس کی وجہ سے یہ سیاحوں کے لیے منفرد کشش رکھتی ہے۔",105,medium,list-recall,,,,,,,,,,
391,خلتی جھیل کی قدرتی خوبصورتی سیاحتی سرگرمیوں کو کیسے فروغ دیتی ہے؟,جمی ہوئی جھیل اور آئس ہاکی فیسٹیول کے ذریعے,"خلتی جھیل کی قدرتی خصوصیت یعنی سردیوں میں جم جانا آئس ہاکی فیسٹیول کے انعقاد کو ممکن بناتی ہے، جس سے اس کی سیاحتی اہمیت بڑھ جاتی ہے۔",105,medium,list-recall,,,,,,,,,,
392,ضلع غذر کا نام کس گاؤں سے منسوب ہے؟,پھنڈر کے علاقے میں واقع گاؤں غذر سے,"ضلع غذر کا نام پھنڈر کے علاقے میں واقع گاؤں ""غذر"" سے منسوب ہے۔",106,easy,factual,,,,,,,,,,
393,یاسین وادی کس ضلع میں واقع ہے؟,ضلع غذر میں,یاسین وادی ضلع غذر میں واقع ہے۔,107,easy,factual,,,,,,,,,,
394,یاسین وادی کس پہاڑی سلسلے میں واقع ہے؟,ہندوکش پہاڑی سلسلے میں,یاسین وادی ہندوکش پہاڑی سلسلے میں واقع ہے۔,107,easy,factual,,,,,,,,,,
395,یاسین وادی میں سیاحوں کی آمد کا عروج کس موسم میں ہوتا ہے؟,گرمیوں میں,گرمیوں کے موسم میں یاسین وادی سیاحوں اور مہم جوؤں کی توجہ کا مرکز بن جاتی ہے۔,107,easy,factual,,,,,,,,,,
396,پھنڈر وادی کی قدرتی خوبصورتی کے نمایاں عناصر کون کون سے ہیں؟,سبز کھیت نیلی جھیلیں دریا,"پھنڈروادی کی قدرتی خوبصورتی میں سبز کھیت، گہرے نیلے رنگ کی جھیلیں اور بہتا ہوا دریا شامل ہیں۔",106,medium,list-recall,,,,,,,,,,
397,پھنڈر وادی میں سیاحوں کے لیے کون کون سی رہائشی سہولیات موجود ہیں؟,پی ٹی ڈی سی ریسٹ ہاؤس اور ہوٹل,پھنڈروادی میں سیاحوں کے لیے پی ٹی ڈی سی پھنڈر ریسٹ ہاؤس اور مختلف ہوٹل موجود ہیں۔,106,medium,list-recall,,,,,,,,,,
398,پھنڈروادی تک کن کن اطراف سے رسائی حاصل کی جا سکتی ہے؟,گلگت اور چترال,پھنڈروادی تک گلگت اور چترال دونوں اطراف سے رسائی حاصل کی جا سکتی ہے۔,106,medium,list-recall,,,,,,,,,,
399,یاسین وادی کا مشہور زرعی تہوار کون سا ہے؟,تخم ریزی,یاسین وادی کا مشہور زرعی تہوار تخم ریزی ہے۔,107,easy,factual,,,,,,,,,,
400,پھنڈرجھیل اور فندر وادی کی سیاحتی اہمیت میں کیا تعلق ہے؟,وادی کی اہم ترین سیاحتی کشش,پھنڈرجھیل پھنڈروادی کے اہم ترین سیاحتی مقامات میں شمار ہوتی ہے اور وادی کی سیاحتی اہمیت میں نمایاں کردار ادا کرتی ہے۔,106,medium,list-recall,,,,,,,,,,
401,تخم ریزی تہوار کب منایا جاتا ہے؟,بہار یا ابتدائی گرمیوں میں,تخم ریزی تہوار بہار یا ابتدائی گرمیوں میں منایا جاتا ہے۔,107,easy,factual,,,,,,,,,,
402,قرمبر جھیل کس بلندی پر واقع ہے؟,4272 میٹر,قرمبر جھیل سطح سمندر سے تقریباً 4272 میٹر کی بلندی پر واقع ہے۔,108,easy,factual,,,,,,,,,,
403,قرمبر جھیل کن دو وادیوں کی سرحد پر واقع ہے؟,بروغل اور اشکومن وادی,قرمبر جھیل بروغل وادی اور اشکومن وادی کی سرحد پر واقع ہے۔,108,easy,factual,,,,,,,,,,
404,قرمبر جھیل دنیا میں کس درجہ کی بلند ترین جھیل ہے؟,33ویں,قرمبر جھیل دنیا کی 33ویں بلند ترین جھیل ہے۔,108,easy,factual,,,,,,,,,,
405,قرمبر جھیل پاکستان میں کس خصوصیت کے لیے مشہور ہے؟,خوبصورتی اور شفاف پانی کے لیے,قرمبر جھیل اپنی خوبصورتی اور شفاف پانی کی وجہ سے مشہور ہے۔,108,easy,factual,,,,,,,,,,
406,"
ضلع غذر کا نام کہاں سے نکلا اور اس گاؤں کا ضلع کے جغرافیے میں کیا مقام ہے؟","فندر کے گاؤں ""غذر"" سے","ضلع غذر کا نام فندر کے علاقے میں واقع گاؤں ""غذر"" سے منسوب ہے",106,easy,factual,,,,,,,,,,
407,پھنڈر وادی کی آبی خصوصیات اور مقامی ثقافت اس کی شناخت میں کیسے کردار ادا کرتی ہیں؟,"جھیلوں، دریاؤں اور کھوار ثقافت کے ذریعے۔","پھنڈر وادی شفاف چشموں، نیلی جھیلوں اور دریاؤں کے لیے مشہور ہے، جبکہ یہاں کے لوگ کھوار زبان بولتے ہیں اور مہمان نوازی کے لیے مشہور ہیں، جو اس کی منفرد شناخت کو نمایاں کرتے ہیں۔",106,medium,list-recall,,,,,,,,,,
408,پھنڈر وادی کی قدرتی خوبصورتی اور سیاحتی سہولیات مل کر اسے پرکشش مقام کیسے بناتی ہیں؟,قدرتی مناظر اور رہائشی سہولیات کے ذریعے۔,"پھنڈر وادی شفاف چشموں، نیلی جھیلوں اور خوبصورت مناظر کے لیے مشہور ہے، جبکہ یہاں پی ٹی ڈی سی فندر ریسٹ ہاؤس اور دیگر ہوٹل بھی موجود ہیں، جس سے یہ سیاحوں کے لیے پرکشش مقام بن جاتی ہے۔",106,medium,list-recall,,,,,,,,,,
409,"پھنڈر وادی کو ""لٹل کشمیر"" کہلانے اور سیاحوں کے لیے موزوں مقام ہونے میں کون سے عوامل مشترک ہیں؟",قدرتی حسن اور سہولیات کی وجہ سے۔,"پھنڈر وادی سرسبز کھیتوں، نیلی جھیلوں اور بہتے ہوئے دریاؤں کی وجہ سے ""لٹل کشمیر"" کہلاتی ہے، جبکہ یہاں پی ٹی ڈی سی فندر ریسٹ ہاؤس اور دیگر ہوٹل بھی موجود ہیں، جس سے یہ سیاحوں کے لیے موزوں مقام بن جاتی ہے۔",106,medium,list-recall,,,,,,,,,,
410,یاسین وادی اور اشکومن وادی سے چترال تک پہنچنے کے راستے کون سے ہیں؟,یاسین سے ڈارکوٹ-بروغل پاس؛ اشکومن پاس بھی چترال کا راستہ,"یاسین وادی سے ڈارکوٹ کے راستے بروغل پاس کے ذریعے چترال تک ٹریکنگ کی جا سکتی ہے، جبکہ اشکومن پاس بھی مقامی لوگوں کے لیے ڈارکوٹ اور بالائی چترال جانے کا اہم راستہ ہے۔","107,109",hard,multi-source,,,,,,,,,,
411,ضلع غذر کی ثقافت میں یاسین وادی کا تخم ریزی تہوار کس طرح کی روایات کو زندہ رکھتا ہے جو دوسرے مقامات سے مختلف ہے؟,تخم ریزی یاسین کی منفرد زرعی روایت؛ باقی تہوار موسمی,"ضلع غذر میں خلتی آئس ہاکی فیسٹیول اور شندور پولو جیسی موسمی ثقافتی تقریبات ہوتی ہیں، لیکن تخم ریزی خاص طور پر یاسین وادی کی ایک قدیم زرعی روایت ہے جو پولو، گھڑسواری، رقص اور خاص کھانے (دیرم، دیرم پھٹی) جیسے عناصر کو زرعی موسم سے جوڑتی ہے","102,107",hard,multi-source,,,,,,,,,,
412,ضلع غذر کے تاریخی لحاظ سے اہم علاقوں کی فہرست میں یاسین وادی کا ذکر کیوں ہوتا ہے؟,"قدرتی خوبصورتی، چترال ٹریکنگ راستے اور تخم ریزی تہوار","یاسین وادی ضلع غذر کی تاریخی اہم وادیوں میں شامل ہے، اور یہ اپنی شاندار قدرتی خوبصورتی، ڈارکوٹ کے ذریعے چترال تک ٹریکنگ راستوں اور قدیم زرعی تہوار تخم ریزی کی وجہ سے مہم جو سیاحوں کے لیے مرکزِ توجہ بنتی ہے","101,107",hard,multi-source,,,,,,,,,,
413,اشکومن وادی کو پاکستان میں کب شامل کیا گیا؟,1972 میں,اشکومن وادی کو 1972 میں پاکستان میں شامل کیا گیا۔,109,easy,factual,,,,,,,,,,
414,اشکومن وادی کن دو پہاڑی سلسلوں کے درمیان واقع ہے؟,قراقرم اور ہندوکش,اشکومن وادی قراقرم اور ہندوکش پہاڑی سلسلوں کے درمیان واقع ہے۔,109,easy,factual,,,,,,,,,,
415,اشکومن وادی کی سرحد کس ملک سے ملتی ہے؟,افغانستان,اشکومن وادی کی سرحد افغانستان سے ملتی ہے۔,109,easy,factual,,,,,,,,,,
416,اشکومن پاس محلی آبادی کے لیے کیوں ضروری ہے؟,اشکومن پاس محلی لوگوں کے لیے ڈارکوٹ اور بالائی چترال جانے کا اہم راستہ ہے,اشکومن پاس محلی لوگوں کے لیے ڈارکوٹ اور بالائی چترال جانے کا اہم راستہ ہے,109,easy,factual,,,,,,,,,,
417,گاہکوچ کس ضلع کا صدر مقام ہے؟,ضلع غذر,گاہکوچ ضلع غذر کا صدر مقام ہے۔,110,easy,factual,,,,,,,,,,
418,یاسین وادی سے کن مقامات تک ٹریکنگ کی جا سکتی ہے؟,چترال اور بابا غنڈی,یاسین وادی سے بروغل پاس کے ذریعے چترال اور چیلنگی پاس کے ذریعے بابا غنڈی تک ٹریکنگ کی جا سکتی ہے۔,107,medium,list-recall,,,,,,,,,,
419,تخم ریزی تہوار میں کون کون سی سرگرمیاں شامل ہوتی ہیں؟,پولو گھوڑوں کی چھلانگیں رقص اور روایتی کھانے,"تخم ریزی تہوار میں روایتی پولو میچز، گھوڑوں کی چھلانگوں کے مقابلے، مقامی موسیقی پر رقص اور روایتی کھانوں کی تیاری شامل ہوتی ہے۔",107,medium,list-recall,,,,,,,,,,
420,تخم ریزی تہوار میں کون کون سے روایتی کھانے تیار کیے جاتے ہیں؟,دیرم اور دیرم پھٹی,تخم ریزی تہوار میں دیرم اور دیرم پھٹی جیسے روایتی کھانے تیار کیے جاتے ہیں۔,107,medium,list-recall,,,,,,,,,,
421,گاہکوچ گلگت شہر سے کتنے کلومیٹر کے فاصلے پر واقع ہے؟,72 کلومیٹر,گاہکوچ گلگت شہر سے شندور-گلگت روڈ پر تقریباً 72 کلومیٹر کے فاصلے پر واقع ہے۔,110,easy,factual,,,,,,,,,,
422,قرمبر جھیل کو عالمی سطح پر منفرد کیوں سمجھا جاتا ہے؟,33ویں بلند ترین اور حیاتیاتی سرگرمیوں کی وجہ سے,قرمبر جھیل دنیا کی 33ویں بلند ترین جھیل ہے اور حیاتیاتی سرگرمیوں کے لحاظ سے بھی نمایاں حیثیت رکھتی ہے۔,108,medium,list-recall,,,,,,,,,,
423,گاہکوچ کس دریا کے کنارے واقع ہے؟,گلگت دریا۔,گاہکوچ گلگت دریا کے کنارے واقع ہے۔,110,easy,factual,,,,,,,,,,
424,قرمبر جھیل اپنی جغرافیائی بلندی کے لحاظ سے کس قسم کی جھیل شمار ہوتی ہے؟,پاکستان کی بلند ترین جھیلوں میں سے ایک اور دنیا کی 33ویں بلند ترین,"قرمبر جھیل پاکستان کی خوبصورت، شفاف اور بلند ترین جھیلوں میں شمار ہوتی ہے اور دنیا کی 33ویں بلند ترین جھیل ہے",108,medium,list-recall,,,,,,,,,,
425,قرمبر جھیل کے ٹریکنگ راستے کا اشکومن وادی سے کیا تعلق ہے؟,قرمبر جھیل اشکومن سرحد پر؛ قرمبر پاس 4343 میٹر سے رسائی,قرمبر جھیل اشکومن وادی کی سرحد پر واقع ہے اور اشکومن وادی سے گزرنے والے قرمبر پاس (4343 میٹر) کے ذریعے اس جھیل تک پہنچا جا سکتا ہے,"108,109",hard,multi-source,,,,,,,,,,
426,اشکومن وادی اور یاسین وادی دونوں سے چترال تک جا سکنے والے راستے کون سے ہیں؟,"یاسین سے بروغل پاس، اشکومن سے اشکومن پاس — دونوں چترال جاتے ہیں","یاسین وادی سے ڈارکوٹ کے راستے بروغل پاس کے ذریعے چترال تک ٹریکنگ کی جا سکتی ہے، جبکہ اشکومن پاس بھی محلی لوگوں کے لیے ڈارکوٹ اور بالائی چترال جانے کا ایک راستہ ہے","107,109",hard,multi-source,,,,,,,,,,
427,ضلع غذر کے تاریخی لحاظ سے اہم علاقوں میں اشکومن وادی کا کیا کردار ہے؟,1972 میں پاکستان میں شامل؛ افغانستان و واخان کوریڈور سے سرحد,"اشکومن وادی ضلع غذر کی تاریخی اہم وادیوں میں شامل ہے اور یہ 1972 میں پاکستان میں شامل ہوئی، جبکہ یہ وادی افغانستان اور پامیر واخان کوریڈور سے سرحد بھی رکھتی ہے","101,109",hard,multi-source,,,,,,,,,,
428,برسٹ وادی کی شندور ٹاپ سے قربت اس کی سیاحتی اہمیت کو کس طرح بڑھاتی ہے؟,22 کلومیٹر دوری؛ دنیا کا بلند ترین پولو گراؤنڈ و سالانہ فیسٹیول,"برسٹ وادی شندور ٹاپ سے صرف تقریباً 22 کلومیٹر کے فاصلے پر ہے، اور شندور ٹاپ دنیا کے بلند ترین پولو گراؤنڈ کی میزبانی کرتا ہے جہاں ہر سال فری اسٹائل پولو ٹورنامنٹ ہوتا ہے، اس لیے برسٹ وادی کے سیاح اس ٹورنامنٹ کی قربت سے فائدہ اٹھا سکتے ہیں","102,103",hard,multi-source,,,,,,,,,,
429,"پھنڈر وادی کا سفر اور اس کا ""لٹل کشمیر"" لقب کس طرح آپس میں جڑے ہیں؟","سرسبز راستہ؛ وادی، جھیل اور دریا کی وجہ سے ""لٹل کشمیر""","گوپس وادی سے 61 کلومیٹر لمبی سڑک سرسبز کھیتوں، جنگلات، بہتے دریا اور برف پوش چوٹیوں کے مناظر سے گزرتے ہوئے پھنڈر وادی تک پہنچاتی ہے، اور انہی سرسبز وادیوں، جھیلوں اور دریا کی وجہ سے اسے ""لٹل کشمیر"" کہا جاتا ہے","104,106",hard,multi-source,,,,,,,,,,
430,گاہکوچ میں سیاحوں کے لیے کون سی نمایاں رہائشی سہولت موجود ہے؟,پی ٹی ڈی سی ہوٹل۔,گاہکوچ میں پی ٹی ڈی سی ہوٹل موجود ہے۔,111,easy,factual,,,,,,,,,,
431,تھلے وادی اور اشکومن وادی دونوں اپنے ٹریکنگ راستوں کے ذریعے کن بڑے مقصدوں تک رسائی دیتے ہیں؟,تھلے: K2 بیس کیمپ و شگر راستہ؛ اشکومن: ڈارکوٹ و چترال راستہ,دونوں وادیاں گلگت بلتستان کو بلند مقامات (K2 بیس کیمپ) یا دوسرے علاقوں (چترال) سے جوڑنے والے اہم ٹریکنگ کوریڈورز ہیں۔,"100,109",hard,multi-source,,,,,,,,,,
432,خلتی جھیل ضلع غذر کے سیاحتی مقامات کی فہرست میں کیوں شامل ہے اور سردیوں میں اس کی کیا خاصیت ہے؟,خلتی مشہور سیاحتی مقامات میں شامل؛ سردیوں میں جمنے سے آئس ہاکی فیسٹیول,ضلع غذر کے مشہور سیاحتی مقامات کی فہرست میں خلتی شامل ہے۔ خلتی جھیل سردیوں میں جم جاتی ہے جس کی بنیاد پر ہر سال جنوری میں خلتی آئس ہاکی فیسٹیول منعقد ہوتا ہے۔,"102,105",hard,multi-source,,,,,,,,,,
433,چقچن مسجد اور خپلو محل دونوں کی تعمیر میں کون سے مشترکہ ثقافتی اثرات نظر آتے ہیں؟,دونوں عمارتیں مغلیہ طرزِ تعمیر کا اثر رکھتی ہیں ,"دونوں عمارتیں مغلیہ طرزِ تعمیر کا اثر رکھتی ہیں — چقچن مسجد میں تبتی، مغلیہ اور فارسی امتزاج ہے، جبکہ خپلو محل میں ہمالیائی، کشمیری اور مغلیہ طرز کا امتزاج پایا جاتا ہے","95,96",hard,multi-source,,,,,,,,,,
434,گوندوقورو پاس کونکورڈیا اور ہوشے وادی کے درمیان کس طرح رابطہ قائم کرتا ہے؟,گوندوقورو پاس کونکورڈیا اور ہوشے وادی کو جوڑتا ہے,"گوندوقورو پاس کونکورڈیا اور ہوشے وادی کو آپس میں جوڑتا ہے، اور بالٹورو گلیشیئر، کونکورڈیا اور کے ٹو سے آنے والے کوہ پیما اسی پاس کو عبور کر کے ہوشے وادی پہنچتے ہیں","99,114",hard,multi-source,,,,,,,,,,
435,"خپلو محل (یابگو کھار) اس وقت کس صورت میں موجود ہے، اور اس کی بحالی کس تنظیم نے کی؟"," راجہ خپلو کی شاہی رہائش گاہ تھا، اب سرینا خپلو فورٹ ، جسے آغا خان فاؤنڈیشن نے بحال کیا","خپلو محل جو راجہ خپلو کی شاہی رہائش گاہ تھا، اب سرینا خپلو فورٹ کے نام سے ایک ورثہ ہوٹل کے طور پر کام کرتا ہے، جسے آغا خان فاؤنڈیشن نے بحال کیا","96,97",hard,multi-source,,,,,,,,,,
436,سالنگ وادی کا امچہ قلعہ خپلو کے بڑے قلعے سے کس طرح مختلف تھا؟,امچہ چھوٹا اور کم معروف؛ خپلو کا قلعہ اب مشہور ہیریٹیج ہوٹل,"امچہ شاہی قلعہ چھوٹا اور کم معروف تھا، جبکہ خپلو کا قلعہ (یابگو کھار) راجہ خپلو کی شاہی رہائش گاہ کے طور پر استعمال ہوتا تھا اور اب ایک مشہور ورثہ ہوٹل ہے",97,hard,multi-source,,,,,,,,,,
437,ہوشے وادی اور تھلے وادی دونوں ضلع گانچھے کے کن بڑے ٹریکنگ مقاصد تک رسائی دیتے ہیں؟,"ہوشے وادی بالٹورو گلیشیئر، کونکورڈیا اور K2 سے آنے والے کوہ پیماؤں کا راستہ ہے، جبکہ تھلے وادی K2 بیس کیمپ تک رسائی فراہم کرتی ہے اور تھلے لا کے ذریعے شگر وادی تک ٹریکنگ ممکن ہے — دونوں وادیاں ضلع گانچھے کو K2 سے متعلق بڑے مقاصد سے جوڑتی ہیں","ہوشے وادی بالٹورو گلیشیئر، کونکورڈیا اور K2 سے آنے والے کوہ پیماؤں کا راستہ ہے، جبکہ تھلے وادی K2 بیس کیمپ تک رسائی فراہم کرتی ہے اور تھلے لا کے ذریعے شگر وادی تک ٹریکنگ ممکن ہے — دونوں وادیاں ضلع گانچھے کو K2 سے متعلق بڑے مقاصد سے جوڑتی ہیں","99,100",hard,multi-source,,,,,,,,,,
438,گاہکوچ میں گلگت دریا کا منظر دلکش کیوں دکھائی دیتا ہے؟,دریا کی زیادہ چوڑائی کی وجہ سے,اس علاقے میں گلگت دریا کی چوڑائی نسبتاً زیادہ ہونے کی وجہ سے اس کا منظر نہایت دلکش دکھائی دیتا ہے۔,111,easy,factual,,,,,,,,,,
439,چٹورکھنڈ کس وادی کا مرکزی قصبہ ہے؟,اشکومن وادی۔,چٹورکھنڈ اشکومن وادی کا مرکزی قصبہ ہے۔,112,easy,factual,,,,,,,,,,
440,چٹورکھنڈ کس دریا کے کنارے واقع ہے؟,قرمبر دریا۔,چٹورکھنڈ قرمبر دریا کے کنارے واقع ہے۔,112,easy,factual,,,,,,,,,,
441,چٹورکھنڈ کی جغرافیائی ساخت کیسی ہے؟,یہ ایک گہری وادی ہے جس کے اردگرد بلند پہاڑ ہیں۔,چٹورکھنڈ ایک گہری وادی ہے جس کے اردگرد بلند پہاڑ موجود ہیں۔,112,easy,factual,,,,,,,,,,
442,اشکومن وادی کے مشہور ٹریکنگ راستے کون کون سے ہیں؟,نلتر پاس چپورسن وادی چلنجی پاس اور قرمبر پاس,"اشکومن وادی سے نلتر پاس، چپورسن وادی، چلنجی پاس اور قرمبر پاس جیسے مشہور ٹریکنگ راستے گزرتے ہیں۔",109,medium,list-recall,,,,,,,,,,
443,اشکومن وادی سے گزرنے والے اہم درے کون کون سے ہیں؟,نلتر پاس چلنجی پاس قرمبر پاس,"اشکومن وادی سے گزرنے والے اہم دروں میں نلتر پاس، چلنجی پاس اور قرمبر پاس شامل ہیں۔",109,medium,list-recall,,,,,,,,,,
444,گوندوقورو پاس کا ٹریکنگ راستہ کب قائم کیا گیا؟,1986ء میں,1986ء میں ایک راستہ قائم کیا گیا جو بالٹورو گلیشیئر کے کونکورڈیا کو گوندوقورو پاس کے ذریعے ہوشے وادی سے ملاتا ہے۔,114,easy,factual,,,,,,,,,,
445,گاہکوچ کی جغرافیائی خصوصیات اور قدرتی حسن اسے خوبصورت مقام کیسے بناتے ہیں؟,"گلگت دریا، بلند پہاڑ اور چوڑا دریا اس کی خوبصورتی بڑھاتے ہیں۔","گاہکوچ گلگت دریا کے کنارے بلند پہاڑوں سے گھرا ہوا ہے، جبکہ اس علاقے میں دریا کی زیادہ چوڑائی اس کے دلکش مناظر میں اضافہ کرتی ہے۔","110,111",hard,multi-source,,,,,,,,,,
446,گاہکوچ کی قدرتی خوبصورتی اور سیاحتی سہولیات مل کر اسے سیاحوں کے لیے پرکشش کیوں بناتی ہیں؟,قدرتی مناظر اور رہائشی سہولیات اسے پرکشش بناتے ہیں۔,"گاہکوچ ایک سرسبز وادی ہے جو گلگت دریا اور بلند پہاڑوں سے گھری ہوئی ہے، جبکہ مختلف رہائشی سہولیات اور پی ٹی ڈی سی ہوٹل سیاحوں کے لیے قیام کو آسان بناتے ہیں، جس سے یہ مقام پرکشش بن جاتا ہے۔","110,111",hard,multi-source,,,,,,,,,,
447,گاہکوچ کا محل وقوع اور دستیاب سہولیات اس کی سیاحتی اہمیت کو کیسے ظاہر کرتے ہیں؟,قدرتی محل وقوع اور رہائشی سہولیات اسے اہم سیاحتی مقام بناتی ہیں۔,"گاہکوچ گلگت دریا کے کنارے واقع ایک سرسبز وادی ہے اور یہاں مختلف اقسام کی رہائش کی سہولیات، بشمول پی ٹی ڈی سی ہوٹل، موجود ہیں، جس کی وجہ سے یہ ایک اہم سیاحتی مقام سمجھا جاتا ہے۔","110,111",hard,multi-source,,,,,,,,,,
448,گوندوقورو پاس کی بلندی کتنی ہے؟,5585 میٹر,گوندوقورو پاس تقریباً 5585 میٹر کی بلندی پر واقع ہے۔,114,easy,factual,,,,,,,,,,
449,گوندوقورو پاس کس ضلع میں واقع ہے؟,ضلع گانچھے میں,گوندوقورو پاس ضلع گانچھے کے بلتستان ریجن میں واقع ہے۔,114,easy,factual,,,,,,,,,,
450,گوندوقورو پاس کے قریب کون سی چوٹی واقع ہے؟,کے ٹو,گوندوقورو پاس K2 سے تقریباً 25 کلومیٹر جنوب میں واقع ہے۔,114,easy,factual,,,,,,,,,,
451,اشکومن وادی ٹریکنگ کے شوقین افراد کے لیے کیوں اہم ہے؟,متعدد بلند دروں اور راستوں کی وجہ سے,"اشکومن وادی میں نلتر پاس، چلنجی پاس اور قرمبر پاس سمیت کئی اہم ٹریکنگ راستے موجود ہیں، اس لیے یہ ٹریکنگ کے شوقین افراد کے لیے اہم مقام ہے۔",109,medium,list-recall,,,,,,,,,,
452,گاہکوچ کی دو قدرتی خصوصیات کیا ہیں؟,سرسبز وادی اور بلند پہاڑ۔,گاہکوچ ایک سرسبز وادی ہے اور اس کے اردگرد بلند پہاڑ واقع ہیں۔,110,medium,list-recall,,,,,,,,,,
453,گاہکوچ میں سیاحوں کے لیے کون سی سہولیات دستیاب ہیں؟,رہائش کی مختلف سہولیات اور پی ٹی ڈی سی ہوٹل,گاہکوچ میں مختلف اقسام کی رہائش کی سہولیات موجود ہیں جن میں پی ٹی ڈی سی ہوٹل بھی شامل ہے۔,111,medium,list-recall,,,,,,,,,,
454,اشکومن وادی کی جغرافیائی اہمیت اور چٹورکھنڈ کی قدرتی خوبصورتی مل کر اس علاقے کو کیوں نمایاں بناتی ہیں؟,"اہم محل وقوع، ٹریکنگ راستے اور دلکش مناظر اس علاقے کو نمایاں بناتے ہیں۔","اشکومن وادی افغانستان اور پامیر واخان کوریڈور کے قریب واقع ہے اور اس سے متعدد مشہور ٹریکنگ راستے گزرتے ہیں، جبکہ چٹورکھنڈ قرمبر دریا کے کنارے واقع ایک گہری وادی ہے جہاں سرسبزہ، بھورے پہاڑ اور برف پوش چوٹیاں دلکش مناظر پیش کرتی ہیں، جس سے یہ علاقہ نمایاں اہمیت حاصل کرتا ہے۔","109,113",hard,multi-source,,,,,,,,,,
455,اشکومن وادی اور چٹورکھنڈ کی کون سی خصوصیات سیاحوں اور ٹریکرز کے لیے کشش کا باعث بنتی ہیں؟,ٹریکنگ راستے اور قدرتی مناظر۔,"اشکومن وادی نلتر پاس، چلنجی پاس اور قرمبر پاس جیسے اہم ٹریکنگ راستوں کی وجہ سے مشہور ہے، جبکہ چٹورکھنڈ قرمبر دریا، سرسبز مناظر، بھورے پہاڑ اور برف پوش چوٹیوں کی وجہ سے سیاحوں کے لیے پرکشش مقام ہے۔","109,113",hard,multi-source,,,,,,,,,,
456,اشکومن وادی کے جغرافیائی محل وقوع اور چٹورکھنڈ کے قدرتی مناظر ایک دوسرے کی تکمیل کیسے کرتے ہیں؟,پہاڑی محل وقوع اور قدرتی حسن مل کر علاقے کی اہمیت بڑھاتے ہیں۔,"اشکومن وادی قراقرم اور ہندوکش کے درمیان واقع ہے اور متعدد ٹریکنگ راستوں کا مرکز ہے، جبکہ چٹورکھنڈ قرمبر دریا کے کنارے واقع ایک گہری وادی ہے جہاں سرسبزہ، بھورے پہاڑ اور برف پوش چوٹیاں ایک دلکش منظر پیش کرتی ہیں، یوں دونوں مل کر علاقے کی قدرتی اور سیاحتی اہمیت میں اضافہ کرتے ہیں۔","109,112,113",hard,multi-source,,,,,,,,,,
457,اشکومن وادی کی ٹریکنگ اہمیت اور چٹورکھنڈ کے قدرتی حسن کے درمیان کیا تعلق ہے؟,دونوں خصوصیات علاقے کی سیاحتی کشش میں اضافہ کرتی ہیں۔,"اشکومن وادی کے مشہور ٹریکنگ راستے کوہ پیماؤں اور مہم جوؤں کو اپنی طرف متوجہ کرتے ہیں، جبکہ چٹورکھنڈ کے سرسبز مناظر، بھورے پہاڑ اور برف پوش چوٹیاں قدرتی حسن فراہم کرتی ہیں، جس سے مجموعی طور پر یہ علاقہ سیاحوں کے لیے پرکشش بن جاتا ہے۔","109,113",hard,multi-source,,,,,,,,,,
458,گوندوقورو پاس اور ہوشے وادی مل کر کوہ پیماؤں کے لیے ایک اہم راستہ کیوں سمجھے جاتے ہیں؟,"کونکورڈیا، بالٹورو گلیشیئر اور ہوشے وادی کے درمیان رابطے کی وجہ سے۔","گوندوقورو پاس کے ذریعے 1986ء میں قائم ہونے والا راستہ بالٹورو گلیشیئر کے کونکورڈیا کو ہوشے وادی سے ملاتا ہے، جبکہ ہوشے وادی ٹریکنگ اور کوہ پیمائی کی سرگرمیوں کا اہم مرکز ہے، اس لیے دونوں مل کر کوہ پیماؤں کے لیے ایک اہم راستہ فراہم کرتے ہیں۔","99,114",hard,multi-source,,,,,,,,,,
459,گوندوقورو پاس کے ذریعے کونکورڈیا سے آنے والے کوہ پیما ہوشے وادی تک کیسے پہنچتے ہیں؟,گوندوقورو پاس عبور کرکے۔,"1986ء میں قائم ہونے والے راستے کے ذریعے گوندوقورو پاس بالٹورو گلیشیئر کے کونکورڈیا کو ہوشے وادی سے ملاتا ہے، جبکہ گوندوقورو پاس عبور کرکے بالٹورو گلیشیئر، کونکورڈیا اور K2 سے آنے والے کوہ پیما ہوشے وادی پہنچتے ہیں۔","99,114",hard,multi-source,,,,,,,,,,
460,ہوشے وادی اور گوندوقورو پاس کی کون سی خصوصیات انہیں ٹریکنگ اور کوہ پیمائی کے لیے اہم بناتی ہیں؟,"اہم راستے، بلند چوٹیاں اور کوہ پیمائی کی سرگرمیاں۔","ہوشے وادی 1960 کی دہائی کے بعد ٹریکنگ اور کوہ پیمائی کا اہم مرکز بن گئی اور اس کے گرد بلند چوٹیاں واقع ہیں، جبکہ گوندوقورو پاس کونکورڈیا اور ہوشے وادی کو ملاتا ہے اور قراقرم کی آٹھ ہزار میٹر بلند چوٹیوں کے مناظر فراہم کرتا ہے، اس لیے دونوں ٹریکنگ اور کوہ پیمائی کے لیے اہم ہیں۔","99,114",hard,multi-source,,,,,,,,,,
461,گوندوقورو پاس کی جغرافیائی حیثیت اور ہوشے وادی کی سیاحتی اہمیت ایک دوسرے سے کیسے وابستہ ہیں؟,اہم راستے اور کوہ پیمائی کی سرگرمیوں کے ذریعے۔,"گوندوقورو پاس بالٹورو گلیشیئر کے کونکورڈیا کو ہوشے وادی سے ملاتا ہے، جبکہ ہوشے وادی ٹریکنگ اور کوہ پیمائی کا اہم مرکز ہے، اس لیے گوندوقورو پاس کی جغرافیائی حیثیت ہوشے وادی کی سیاحتی اہمیت میں اضافہ کرتی ہے۔","99,114",hard,multi-source,,,,,,,,,,
462,گوندوقورو پاس عبور کرنا کیوں مشکل ہے اور تھلے وادی کے ذریعے K2 بیس کیمپ تک رسائی کیسے ممکن ہے؟,برفانی ڈھلوانیں اور تودے گرنے کا خطرہ؛ تھلے وادی سے K2 بیس کیمپ کا راستہ,"گوندوقورو پاس ایک مشکل راستہ ہے جہاں برفانی ڈھلوانیں، برفانی تودوں اور پتھروں کے گرنے کے خطرات موجود ہیں، جس کی وجہ سے کریمپنز اور فکسڈ رسیوں کی ضرورت پڑتی ہے۔ اسی طرح تھلے وادی بھی K2 بیس کیمپ تک رسائی کا ایک راستہ فراہم کرتی ہے، جبکہ تھلے لا کے ذریعے شگر وادی تک ٹریکنگ ممکن ہے۔","100,114",hard,multi-source,,,,,,,,,,
463,چقچن مسجد اور خپلو محل کی تعمیراتی خصوصیات ضلع گانچھے کے ثقافتی ورثے کو کیسے ظاہر کرتی ہیں؟,مختلف طرزِ تعمیر کے امتزاج کے ذریعے۔,"چقچن مسجد میں تبتی، مغلیہ اور فارسی طرزِ تعمیر کا امتزاج پایا جاتا ہے، جبکہ خپلو محل میں ہمالیائی، کشمیری اور مغلیہ طرزِ تعمیر شامل ہیں، جو ضلع گانچھے کے ثقافتی ورثے کی عکاسی کرتے ہیں۔","95,96",hard,multi-source,,,,,,,,,,
464,چقچن مسجد اور خپلو محل تاریخی لحاظ سے کیوں اہم سمجھے جاتے ہیں؟,قدیم تاریخ اور حکمرانوں سے تعلق کی وجہ سے۔,"چقچن مسجد 1370ء کی ایک قدیم یادگار ہے، جبکہ خپلو محل راجہِ خپلو کی شاہی رہائش گاہ کے طور پر استعمال ہوتا رہا ہے، اس لیے دونوں تاریخی اہمیت رکھتے ہیں۔","95,96",hard,multi-source,,,,,,,,,,
465,سرینا خپلو فورٹ اور خپلو محل کے تاریخی پس منظر میں کیا مماثلت پائی جاتی ہے؟,دونوں شاہی رہائش گاہوں سے وابستہ ہیں۔,"خپلو محل راجہِ خپلو کی شاہی رہائش گاہ تھا، جبکہ سرینا خپلو فورٹ بھی پہلے ایک شاہی رہائش گاہ تھا جسے بعد میں ورثہ ہوٹل میں تبدیل کیا گیا۔","96,97",hard,multi-source,,,,,,,,,,
466,خپلو اور ہوشے وادی مل کر کوہ پیمائی اور سیاحت کے لیے کیوں اہم سمجھے جاتے ہیں؟,رسائی اور قدرتی مناظر کی وجہ سے۔,"خپلو ہوشے وادی کا دروازہ ہے، جبکہ ہوشے وادی بلند چوٹیوں، گلیشیئرز اور کوہ پیمائی کی سرگرمیوں کے لیے مشہور ہے، اس لیے دونوں سیاحوں اور کوہ پیماؤں کے لیے اہم ہیں۔","97,99",hard,multi-source,,,,,,,,,,
467,سالنگ وادی اور ہوشے وادی کے درمیان کیا تعلق ہے جو ان کی سیاحتی اہمیت کو بڑھاتا ہے؟,داخلی راستے اور قدرتی حسن کے ذریعے۔,"سالنگ وادی ہوشے وادی کے لیے داخلی راستہ ہے، جبکہ ہوشے وادی بلند چوٹیوں اور کوہ پیمائی کی سرگرمیوں کے لیے مشہور ہے، جس سے دونوں کی سیاحتی اہمیت بڑھتی ہے۔","98,99",hard,multi-source,,,,,,,,,,
468,سالنگ وادی اور ہوشے وادی کی خصوصیات سیاحوں کو مختلف تجربات کیسے فراہم کرتی ہیں؟,قدرتی وسائل اور کوہ پیمائی کے ذریعے۔,"سالنگ وادی میں جھیل، گرم چشمہ، فش فارم اور کیمپنگ پوائنٹ موجود ہیں، جبکہ ہوشے وادی ٹریکنگ اور کوہ پیمائی کی سرگرمیوں کے لیے مشہور ہے، اس لیے دونوں سیاحوں کو مختلف تجربات فراہم کرتی ہیں۔","98,99",hard,multi-source,,,,,,,,,,
469,ضلع غذر کی جغرافیائی خصوصیات اور ثقافتی تنوع اس کی سیاحتی اہمیت کو کیسے بڑھاتے ہیں؟,پہاڑی راستوں اور لسانی تنوع کے ذریعے۔,"ضلع غذر میں متعدد اہم درے موجود ہیں جبکہ یہاں شینا، کھوار، بروشسکی اور وخی زبانیں بولی جاتی ہیں، جس سے اس کی ثقافتی اور سیاحتی اہمیت میں اضافہ ہوتا ہے۔","101,102",hard,multi-source,,,,,,,,,,
470,چٹورکھنڈ کے قدرتی مناظر میں کون سی دو نمایاں خصوصیات شامل ہیں؟,سرسبزہ اور برف پوش چوٹیاں۔,قرمبر دریا کے کنارے موجود سرسبزہ اور دور نظر آنے والی برف پوش چوٹیاں چٹورکھنڈ کے مناظر کی نمایاں خصوصیات ہیں۔,113,medium,list-recall,,,,,,,,,,
471,چٹورکھنڈ کے قدرتی حسن میں کون کون سے عناصر شامل ہیں؟,"سرسبزہ، بھورے پہاڑ اور برف پوش چوٹیاں۔","قرمبر دریا کے کنارے موجود سرسبزہ، بھورے رنگ کے پہاڑ اور دور نظر آنے والی برف پوش چوٹیاں چٹورکھنڈ کے قدرتی حسن کے اہم عناصر ہیں۔",113,medium,list-recall,,,,,,,,,,
472,": پھندر وادی کو ""لٹل کشمیر"" کیوں کہا جاتا ہے اور قرمبر جھیل کی جغرافیائی حیثیت کیا ہے؟","سرسبز وادیوں اور جھیلوں کی وجہ سے ""لٹل کشمیر""؛ قرمبر جھیل چترال-اشکومن سرحد پر","پھندر وادی اپنی سرسبز وادیوں، سبز کھیتوں اور گہرے نیلے رنگ کی جھیلوں کی وجہ سے ""لٹل کشمیر"" کہلاتی ہے۔ قرمبر جھیل چترال کی بروغل وادی اور گلگت بلتستان کی اشکومن وادی کی سرحد پر واقع ہے اور دنیا کی 33ویں بلند ترین جھیل ہے۔","106,108",hard,multi-source,,,,,,,,,,
473,K2 کی جغرافیائی اہمیت اور اس کے نام کی تاریخ مل کر اس کی شناخت کو کیسے ظاہر کرتی ہیں؟,بلند چوٹی اور تاریخی نام دونوں اس کی شناخت کا حصہ ہیں,K2 دنیا کی دوسری بلند ترین چوٹی ہے جو قراقرم میں پاک چین سرحد پر واقع ہے جبکہ 1856 میں ٹی جی مونٹگومری نے اسے K2 کا نام دیا اور مقامی بلتی نام چھوغوری ہونے کے باوجود K2 کا نام ہی مشہور ہو گیا۔,"77,78",hard,multi-source,,,,,,,,,,
474,چٹورکھنڈ کے مناظر دلکش کیوں دکھائی دیتے ہیں؟,"سرسبزہ، بھورے پہاڑ اور برف پوش چوٹیوں کی وجہ سے۔","قرمبر دریا کے کنارے موجود سرسبزہ، بھورے رنگ کے پہاڑ اور دور نظر آنے والی برف پوش چوٹیاں چٹورکھنڈ کے مناظر کو نہایت دلکش بناتی ہیں۔",113,medium,list-recall,,,,,,,,,,
475,گوندوقورو پاس کن گلیشیئرز کو آپس میں جوڑتا ہے؟,گوندوقورو گلیشیئر اور وگنے گلیشیئر,گوندوقورو پاس گوندوقورو گلیشیئر کو جنوب مغرب میں اور وگنے گلیشیئر کو شمال مشرق میں جوڑتا ہے۔,114,medium,list-recall,,,,,,,,,,
476,K2 کی جغرافیائی حیثیت اور اس تک پہنچنے کا روایتی راستہ اسکردو کی اہمیت کو کیسے ظاہر کرتے ہیں؟,اسکردو K2 کے روایتی راستے کا آغاز ہونے کی وجہ سے اہم ہے,K2 قراقرم کے پہاڑی سلسلے میں واقع دنیا کی دوسری بلند ترین چوٹی ہے جبکہ K2 بیس کیمپ تک پہنچنے کا روایتی راستہ اسکردو سے شروع ہوتا ہے اسی لیے اسکردو کو K2 کا دروازہ سمجھا جاتا ہے۔,"77,79",hard,multi-source,,,,,,,,,,
477,K2 تک رسائی کے روایتی راستے اور اسکولے کے بعد آنے والے مقامات بیس کیمپ تک پہنچنے کے سفر کو کیسے مکمل کرتے ہیں؟,اسکردو سے آغاز اور کونکورڈیا کے راستے بیس کیمپ تک رسائی,"K2 بیس کیمپ تک پہنچنے کا روایتی راستہ اسکردو، شگر، داسو، اسکولے اور بالتورو گلیشیئر سے گزرتا ہے جبکہ اسکولے کے بعد پائیو، اردوکاس، گورو اور کونکورڈیا سے گزرتے ہوئے K2 بیس کیمپ تک پہنچا جاتا ہے۔","79,80",hard,multi-source,,,,,,,,,,
478,گوندوقورو پاس کے ذریعے کون کون سے اہم مقامات جڑتے ہیں؟,کونکورڈیا اور ہوشے وادی,گوندوقورو پاس کونکورڈیا اور ہوشے وادی کو آپس میں جوڑتا ہے۔,114,medium,list-recall,,,,,,,,,,
479,خپلو وادی اور سالنگ وادی سیاحوں کو کن مشترک خصوصیات کی وجہ سے اپنی طرف متوجہ کرتی ہیں؟,قدرتی حسن اور سیاحتی سہولیات کی وجہ سے,"خپلو وادی اپنے قدرتی حسن اور تاریخی مقامات کے لیے مشہور ہے جبکہ سالنگ وادی میں کیمپنگ پوائنٹ، فش فارم اور قدرتی چشمے موجود ہیں اس لیے دونوں وادیاں سیاحوں کو اپنی طرف متوجہ کرتی ہیں۔","97,98",hard,multi-source,,,,,,,,,,
480,تھلے وادی اور K2 کے درمیان کیا تعلق ہے؟,K2 بیس کیمپ تک رسائی کے راستے کی وجہ سے,تھلے وادی K2 بیس کیمپ تک رسائی فراہم کرتی ہے جبکہ K2 دنیا کی دوسری بلند ترین چوٹی ہے۔,"77,100",hard,multi-source,,,,,,,,,,
481,ضلع غذر کی ثقافتی اور سیاحتی اہمیت کن مشہور تقریبات سے ظاہر ہوتی ہے؟,شندور پولو ٹورنامنٹ اور خلتی آئس ہاکی فیسٹیول سے۔,ضلع غذر میں شندور پاس پر فری اسٹائل پولو ٹورنامنٹ منعقد ہوتا ہے جبکہ خلتی جھیل میں ہر سال خلتی آئس ہاکی فیسٹیول منعقد کیا جاتا ہے۔,"102,105",hard,multi-source,,,,,,,,,,
482,فندر وادی اور خلتی جھیل کو فطرت سے محبت کرنے والوں کے لیے موزوں کیوں سمجھا جاتا ہے؟,قدرتی حسن اور ٹراؤٹ مچھلی کی وجہ سے۔,فندر وادی اپنی قدرتی خوبصورتی اور جھیلوں کے لیے مشہور ہے جبکہ خلتی جھیل ٹراؤٹ مچھلی کے مسکن کے طور پر جانی جاتی ہے۔,"105,106",hard,multi-source,,,,,,,,,,
483,اشکومن وادی اور قرمبر جھیل کی جغرافیائی اہمیت کس بات سے ظاہر ہوتی ہے؟,سرحدی محل وقوع کی وجہ سے۔,اشکومن وادی کی سرحد واخان کوریڈور سے ملتی ہے جبکہ قرمبر جھیل اشکومن وادی اور بروغل وادی کی سرحد پر واقع ہے۔,"108,109",hard,multi-source,,,,,,,,,,
484,چٹورکھنڈ کے قدرتی مناظر کو دلکش بنانے میں قرمبر دریا کا کیا کردار ہے؟,سرسبز مناظر اور برف پوش چوٹیوں کے ساتھ بہنے کی وجہ سے۔,"چٹورکھنڈ قرمبر دریا کے کنارے واقع ہے اور قرمبر دریا کے کنارے موجود سرسبزہ، بھورے پہاڑ اور دور نظر آنے والی برف پوش چوٹیاں اس کے مناظر کو دلکش بناتی ہیں۔","112,113",hard,multi-source,,,,,,,,,,
485,گاہکوچ کی جغرافیائی اور قدرتی اہمیت کس طرح ظاہر ہوتی ہے؟,گلگت دریا اور پہاڑی ماحول کی وجہ سے۔,گاہکوچ گلگت دریا کے کنارے پہاڑوں سے گھرا ہوا ہے جبکہ دریا کی چوڑائی نسبتاً زیادہ ہونے کی وجہ سے اس کا منظر نہایت خوبصورت دکھائی دیتا ہے۔,"110,111",hard,multi-source,,,,,,,,,,
486,خپلو وادی اور ہوشے وادی کا باہمی تعلق کیا ہے؟,خپلو ہوشے وادی کا دروازہ ہے۔,"خپلو وادی ہوشے وادی کا دروازہ ہے جبکہ ہوشے وادی بلند چوٹیوں، گلیشیئرز اور ٹریکنگ راستوں تک رسائی فراہم کرتی ہے۔","97,99",hard,multi-source,,,,,,,,,,
487,چقچن مسجد اور ضلع گانچھے کے تاریخی ورثے کا آپس میں کیا تعلق ہے؟,چقچن مسجد ضلع گانچھے کے نمایاں تاریخی مقامات میں شامل ہے۔,ضلع گانچھے کے تاریخی ورثے میں خپلو محل اور چقچن مسجد شامل ہیں جبکہ چقچن مسجد خطے کی قدیم ترین مساجد میں شمار ہوتی ہے۔,"86,95",hard,multi-source,,,,,,,,,,
488,بلتیت قلعہ کس شاہی خاندان کا مسکن رہا اور اس کی حکومت کا نظام کیا تھا؟,"عیاشکتز خاندان کا مسکن، موروثی بادشاہ میر تھم حکمران تھے",بلتیت قلعہ 700 سال تک ہنزہ کے شاہی خاندان عیاشکتز کا گھر رہا جس پر موروثی بادشاہ میر تھم حکومت کرتے تھے اور ہنزہ ایک آزاد ریاست کنجوت کے نام سے جانی جاتی تھی,"32,33",hard,multi-source,,,,,,,,,,
489,"بلتیت قلعہ نے ہنزہ کی شاہی تاریخ، گریٹ گیم اور موجودہ ثقافتی حیثیت کے مختلف ادوار کی نمائندگی کیسے کی ہے؟",روسی اثر روکنے کے لیے 1891 میں برطانوی حملہ ہوا اور قلعہ پر قبضہ ہو گیا,19ویں صدی میں بلتیت قلعہ گریٹ گیم کا حصہ بنا جب 1891 میں برطانوی فوجیوں نے روسی اثر و رسوخ کو روکنے کے لیے ہنزہ پر حملہ کیا اور قلعہ پر قبضہ کر لیا,"33,34",hard,multi-source,,,,,,,,,,
490,بلتیت قلعہ کی بحالی میں کس ادارے نے کردار ادا کیا اور اب اس کی عالمی حیثیت کیا ہے؟,آغا خان ٹرسٹ نے بحالی کی اور 2004 سے یونیسکو عالمی ورثہ فہرست میں شامل ہے,آغا خان ٹرسٹ فار کلچر نے بلتیت قلعہ کی تزئین و آرائش کی اور یہ قلعہ 2004 سے یونیسکو کے عالمی ثقافتی ورثے کی فہرست میں شامل ہے,"34,35",hard,multi-source,,,,,,,,,,
491,سوست کی جغرافیائی پوزیشن اسے پاکستان اور چین کے درمیان تجارت میں کیوں مرکزی حیثیت دیتی ہے؟,قراقرم ہائی وے پر آخری پاکستانی قصبہ ہے اور پہلی ڈرائی پورٹ یہاں واقع ہے,سوست قراقرم ہائی وے پر آخری پاکستانی قصبہ ہے جو خنجراب پاس سے پہلے واقع ہے اور یہاں پاکستان کی پہلی ڈرائی پورٹ واقع ہے جہاں سے پاک چین سرحد عبور کرنے والی تمام ٹریفک گزرتی ہے,"22,23",hard,multi-source,,,,,,,,,,
492,سوست میں مقامی لوگ کون سی زبانیں بولتے ہیں اور قریبی درے قدیم دور میں کس لیے استعمال ہوتے تھے؟,واخی و بروشسکی ثقافت اور مہمان نوازی؛ قدیم شاہراہ ریشم کے تاریخی راستے,سوست میں سیاح واخی اور بروشسکی زبان بولنے والے مقامی لوگوں کی پرامن اور مہمان نواز ثقافت کا تجربہ کر سکتے ہیں۔ قریب واقع درہ کِلک اور منٹاکا پاس قدیم شاہراہ ریشم کے اہم حصے تھے اور قراقرم ہائی وے سے پہلے کارواں کے روایتی راستوں کے طور پر استعمال ہوتے تھے۔,"24,26",hard,multi-source,,,,,,,,,,
493,درہ خنجراب کا نام اور موسمی صورتحال اس کی سیاحتی رسائی کو کس طرح متاثر کرتی ہے؟,خون کی وادی کا مطلب مشکل خطوں کی عکاسی کرتا ہے اور سردیوں میں بند رہتا ہے,خنجراب نام وخی زبان سے خون کی وادی کا مطلب رکھتا ہے جو اس علاقے کے مشکل خطوں کی عکاسی کرتا ہے اور یہی وجہ ہے کہ درہ سردیوں میں سخت موسم کی وجہ سے بند رہتا ہے جس سے سیاحتی رسائی محدود ہو جاتی ہے,"20,21",hard,multi-source,,,,,,,,,,
494,وادی مسگر کی سرحدی پوزیشن اور برطانوی قلعے کی تعمیر میں کیا تاریخی تعلق ہے؟,چین اور افغانستان کی سرحد کے قریب ہونے کی وجہ سے انگریزوں نے نظر رکھنے کے لیے قلعہ بنایا,وادی مسگر چین اور افغانستان کی سرحدوں کے قریب واقع ہے اس لیے انگریزوں نے یہاں کلام درچی قلعہ تعمیر کیا جو روسی اور چینی پیش قدمی پر نظر رکھنے کے لیے بنایا گیا تھا,"28,29",hard,multi-source,,,,,,,,,,
495,منٹاکا پاس اور درہ کِلک قراقرم ہائی وے سے پہلے کس مقصد کے لیے استعمال ہوتے تھے؟,کارواں کے روایتی تجارتی راستے؛ برطانوی دور میں نگرانی کے لیے قلعہ بھی تعمیر,: قراقرم ہائی وے کے قائم ہونے سے پہلے منٹاکا پاس اور درہ کِلک پاکستان اور ہندوستان کو تاشقرغان سے ملانے والے کارواں کے روایتی راستوں کے طور پر استعمال ہوتے تھے۔ اسی دور میں انگریزوں نے وادی مسگر میں کلام درچی قلعہ تعمیر کیا جو روسی اور چینی پیش قدمی پر نظر رکھنے کے لیے بنایا گیا تھا۔,"27,29",hard,multi-source,,,,,,,,,,
496,گوندوقورو پاس میں کوہ پیمائی کے لیے کون کون سے آلات استعمال ہوتے ہیں؟,کریمپنز فکسڈ رسیاں,گوندوقورو پاس میں برفانی چڑھائی کے لیے کریمپنز اور فکسڈ رسیاں استعمال کی جاتی ہیں۔,114,medium,list-recall,,,,,,,,,,
497,فیری میڈوز تک رسائی کا مکمل راستہ کیا ہے اور ٹریکرز کے لیے یہ کیوں اہم ہے؟,"رائیکوٹ پل سے جیپ پھر پانچ کلومیٹر پیدل، نانگا پربت کے رائیکوٹ رخ کا نقطہ آغاز ہے",فیری میڈوز تک رائیکوٹ پل سے ٹاٹو گاؤں تک جیپ کے ذریعے اور پھر تقریباً پانچ کلومیٹر پیدل سفر سے پہنچا جاتا ہے اور یہ نانگا پربت کے رائیکوٹ رخ کی جانب جانے والے ٹریکرز کے لیے نقطہ آغاز ہے,"66,67",hard,multi-source,,,,,,,,,,
498,تھلپن چلاس کے چٹانی نقوش اور مقامی آبادی کا نسلی پس منظر چلاس کی تاریخی اہمیت کو کیسے ثابت کرتے ہیں؟,نو ہزار سالہ نقوش اور کوہستانی داردی نسل کی آبادی قدیم تہذیب کا ثبوت ہے,تھلپن چلاس میں 9 ہزار سال پرانے 50 ہزار سے زائد چٹانی نقوش موجود ہیں اور یہاں کوہستانی اور داردی نسل کے لوگ آباد ہیں جو مل کر چلاس کی قدیم تہذیبی اہمیت کو ثابت کرتے ہیں,"59,60",hard,multi-source,,,,,,,,,,
499,بابوسر پاس کی بلندی اور موسمی خطرات اسے سیاحوں کے لیے کیوں چیلنجنگ بناتے ہیں؟,"4173 میٹر بلند، اکتوبر سے جون بند اور کھڑی چڑھائیاں خطرناک بناتی ہیں",بابوسر پاس 4173 میٹر کی بلندی پر واقع ہے اور شدید برف باری کی وجہ سے اکتوبر سے جون تک بند رہتا ہے جبکہ کھڑی چڑھائیوں کی وجہ سے راستہ نسبتاً خطرناک سمجھا جاتا ہے,"61,64",hard,multi-source,,,,,,,,,,
500,اسکردو کی جغرافیائی پوزیشن اور سیاحتی مقامات اسے گلگت بلتستان کا اہم مرکز کیوں بناتے ہیں؟,دریاؤں کے سنگم پر واقع ہے اور K2 گاشربرم تک رسائی اور متعدد جھیلیں و قلعے موجود ہیں,"اسکردو دریائے سندھ اور شیوک کے سنگم کے قریب واقع ہے اور K2، گاشربرم جیسی چوٹیوں تک رسائی فراہم کرتا ہے جبکہ کھرپوچو قلعہ، سدپارہ، کچورا اور شنگریلا جھیلیں اسے سیاحت کا مرکز بناتی ہیں","36,38",hard,multi-source,,,,,,,,,,
501,دیوسائی نیشنل پارک کا جغرافیائی محل وقوع اور اس کی جنگلی حیات اسے منفرد قدرتی مقام کیوں بناتے ہیں؟,"اسکردو اور استور کے درمیان واقع ہے، ہمالیائی مارموٹ، براؤن بیئر اور شیوسر جھیل موجود ہیں",دیوسائی نیشنل پارک اسکردو اور استور کے درمیان واقع ہے جہاں ہمالیائی مارموٹ اور براؤن بیئر جیسی منفرد جنگلی حیات موجود ہے اور شیوسر جھیل اسے سیاحوں کے لیے اور بھی خاص بناتی ہے,"40,42",hard,multi-source,,,,,,,,,,
502,گوندوقورو پاس کو ایک مشکل ٹریک کیوں سمجھا جاتا ہے؟,کھڑی ڈھلوانیں برفانی خطرات اور تکنیکی چڑھائی کی وجہ سے,"گوندوقورو پاس میں کھڑی برفانی ڈھلوانیں، برفانی تودوں اور پتھروں کے گرنے کا خطرہ اور تکنیکی چڑھائی کی ضرورت اسے ایک مشکل ٹریک بناتی ہیں۔",114,medium,list-recall,,,,,,,,,,
503,گوندوقورو پاس ٹریک کوہ پیماؤں کے لیے کیوں اہم سمجھا جاتا ہے؟,قراقرم کی آٹھ ہزار میٹر بلند چوٹیوں کے شاندار مناظر,"گوندوقورو پاس کونکورڈیا اور ہوشے وادی کو جوڑتا ہے اور یہ کوہ پیماؤں کو بلند پہاڑوں کے شاندار نظارے فراہم کرتا ہے، اس لیے یہ اہم ٹریک ہے۔",114,medium,list-recall,,,,,,,,,,
504,سیاح نانگا پربت کو مقامی طور پر کس نام سے جانتے ہیں اور یہ کتنا بلند ہے؟,دیامر یا دیو میر اور 8126 میٹر,نانگا پربت کو مقامی طور پر دیامر یا دیو میر کہا جاتا ہے اور اس کی بلندی 8126 میٹر ہے۔,"69,70",hard,multi-source,,,,,,,,,,
505,گوندوقورو پاس کی جغرافیائی حیثیت اس کی سیاحتی اہمیت کو کیسے بڑھاتی ہے؟,کے ٹو کے قریب اور دو اہم گلیشیئرز کو جوڑنے کی وجہ سے,"گوندوقورو پاس کے ٹو کے قریب واقع ہے اور دو اہم گلیشیئرز کو آپس میں جوڑتا ہے، جس کی وجہ سے یہ سیاحتی اور کوہ پیمائی کے لیے انتہائی اہم مقام ہے۔",114,medium,list-recall,,,,,,,,,,
506,نانگا پربت کا مقامی نام کیا ہے اور اسے کوہ پیماؤں میں کس وجہ سے جانا جاتا ہے؟,دیامر یا دیو میر اور قاتل پہاڑ,نانگا پربت کو مقامی طور پر دیامر یا دیو میر کہا جاتا ہے جبکہ کوہ پیماؤں میں اسے قاتل پہاڑ کے نام سے جانا جاتا ہے۔,"70,71",hard,multi-source,,,,,,,,,,
507,اسکردو بین الاقوامی سیاحوں کے لیے کیوں موزوں ہے؟,دنیا کی بلند ترین چوٹیوں تک رسائی اور اردو و انگریزی کا رواج,اسکردو K2 اور گاشربرم جیسی چوٹیوں تک رسائی فراہم کرتا ہے جبکہ یہاں اردو اور انگریزی وسیع پیمانے پر بولی اور سمجھی جاتی ہیں جو بین الاقوامی سیاحوں کے لیے سہولت فراہم کرتا ہے,"36,37",hard,multi-source,,,,,,,,,,
508,اسکردو کی ثقافتی شناخت اور سیاحتی مقامات مل کر اسے کیسا تجربہ فراہم کرتے ہیں؟,منفرد بلتی ثقافت اور متنوع قدرتی و تاریخی مقامات,"اسکردو اپنی منفرد بلتی ثقافت اور مہمان نوازی کے ساتھ ساتھ کھرپوچو قلعہ، متعدد جھیلوں اور سرد صحرا جیسے متنوع مقامات کی وجہ سے سیاحوں کو ایک مکمل تجربہ فراہم کرتا ہے","37,38",hard,multi-source,,,,,,,,,,
509,K2 کا نام کب اور کیسے پڑا اور اسے پہلی بار کب سر کیا گیا؟,1856 میں مونٹگومری نے نام دیا اور 1954 میں پہلی بار سر ہوا,K2 کا نام 1856 میں ٹی جی مونٹگومری نے سروے کے دوران دیا اور 31 جولائی 1954 کو اطالوی کوہ پیماؤں نے پہلی مرتبہ اس کی چوٹی سر کی۔,"78,81",hard,multi-source,,,,,,,,,,
510,K2 کو مقامی طور پر کیا کہتے ہیں اور اس تک پہنچنے کا راستہ کہاں سے شروع ہوتا ہے؟,چھوغوری اور اسکردو سے راستہ شروع ہوتا ہے,K2 کا مقامی بلتی نام چھوغوری ہے اور اس کے بیس کیمپ تک پہنچنے کا روایتی راستہ اسکردو سے شروع ہوتا ہے۔,"78,79",hard,multi-source,,,,,,,,,,
511,K2 کی بلندی اور بیس کیمپ تک کا ٹریکنگ راستہ سیاحوں کو کیا تجربہ دیتا ہے؟,8611 میٹر بلند چوٹی اور اسکولے کے بعد پائیو اردوکاس گورو کونکورڈیا سے گزر کر بیس کیمپ تک,K2 کی بلندی 8611 میٹر ہے اور بیس کیمپ تک اسکولے کے بعد پائیو اردوکاس گورو اور کونکورڈیا سے گزرنا پڑتا ہے۔,"77,80",hard,multi-source,,,,,,,,,,
512,خپلو محل کا طرزِ تعمیر کیسا ہے اور ہوشے وادی کس سرگرمی کے لیے مشہور ہے؟,خپلو محل ہمالیائی کشمیری مغلیہ طرزِ تعمیر؛ ہوشے وادی ٹریکنگ اور کوہ پیمائی کا مرکز,"خپلو محل میں ہمالیائی، کشمیری اور مغلیہ طرزِ تعمیر کا خوبصورت امتزاج دیکھا جا سکتا ہے۔ اسی ضلع میں ہوشے وادی ٹریکنگ اور کوہ پیمائی کی سرگرمیوں کا اہم مرکز ہے جہاں سے گوندوغورو پاس کے ذریعے کونکورڈیا اور K2 تک رسائی ممکن ہے۔","96,99",hard,multi-source,,,,,,,,,,
513,چقچن مسجد کب تعمیر ہوئی اور خپلو کس وادی کا دروازہ سمجھا جاتا ہے؟,1370ء کی قدیم مسجد بدھ مت سے اسلام کی علامت؛ خپلو ہوشے وادی کا دروازہ,"چقچن مسجد 1370ء میں تعمیر ہوئی اور اس دور کی یادگار ہے جب اس علاقے کے لوگ بدھ مت سے اسلام میں داخل ہوئے۔ خپلو ہوشے وادی کا دروازہ بھی ہے جو جھیلوں، گلیشیئرز، ٹریکنگ روٹس اور بلند چوٹیوں تک رسائی فراہم کرتا ہے۔","95,97",hard,multi-source,,,,,,,,,,
514,کریم آباد سے کون سی تین چوٹیاں نظر آتی ہیں اور ان کی بلندی کیا ہے؟,"بُبلی موتن 7,400م، الٹر سر 7,500م، راکاپوشی 7,788م","کریم آباد سے تین چوٹیاں نظر آتی ہیں: بُبلی موتن یا لیڈی فنگر پیک (7,400م)، الٹر سر (7,500م)، اور راکاپوشی (7,788م)۔",115,medium,list-recall,,,,,,,,,,
515,راکاپوشی دیکھنے کا بہترین وقت کون سا ہے؟,صبح سویرے,راکاپوشی کو کریم آباد سے جنوب کی سمت منہ کر کے صبح سویرے بہترین طریقے سے دیکھا جا سکتا ہے۔,115,easy,factual,,,,,,,,,,
516,راکاپوشی دیکھنے کے لیے موسم کیسا ہونا چاہیے؟,صاف موسم,راکاپوشی کا واضح نظارہ صرف صاف موسم میں ممکن ہے۔,115,easy,factual,,,,,,,,,,
517,گیال کے ساتھ کون سی چیزیں پیش کی جاتی ہیں؟,"شہد، پھلوں کا جام، خوبانی کا تیل","گیال کو شہد، پھلوں کے جام یا خوبانی کے تیل کے ساتھ کھایا جاتا ہے۔",116,medium,list-recall,,,,,,,,,,
518,گیال کے ساتھ پیش کیے جانے والے خوبانی کے تیل کی کیا خصوصیت ہے؟,مخصوص خوشبو اور ذائقہ,خوبانی کا تیل اپنی مخصوص خوشبو اور ذائقے کی وجہ سے جانا جاتا ہے۔,116,easy,factual,,,,,,,,,,
519,گیال عموماً کس چیز کے ساتھ کھایا جاتا ہے؟,گرم دودھ والی چائے,گیال عموماً گرم دودھ والی چائے کے ساتھ پیش کیا جاتا ہے۔,116,easy,factual,,,,,,,,,,
520,ہنزہ میں روایتی ناشتے میں کیا کھایا جاتا ہے؟,"گیال، شہد، خوبانی کا تیل، دودھ کی چائے","ہنزہ میں روایتی ناشتے میں گیال کھایا جاتا ہے جو گندم کے آٹے سے بنے کیک ہیں، انہیں شہد، پھلوں کے جام یا خوبانی کے تیل کے ساتھ  گرم دودھ کی چائے کے ساتھ پیش کیا جاتا ہے۔",116,medium,list-recall,,,,,,,,,,
521,کریم آباد بازار میں کون سی مقامی کھانے کی اشیاء دستیاب ہیں؟,روایتی ناشتے اور منتو,کریم آباد بازار میں روایتی ناشتے اور مقامی کھانوں کی متعدد اقسام دستیاب ہیں۔ منتو ایک مقبول گوشت بھرا آٹے کا پکوان ہے۔,117,medium,list-recall,,,,,,,,,,
522,ہنزہ کے روایتی ناشتے میں کون سے خشک میوہ اور بیج شامل ہوتے ہیں؟,"بادام، اخروٹ، السی کے بیج اور خوبانی کے بیج","ان میں بادام، اخروٹ، السی کے بیج اور خوبانی کے بیج شامل ہوتے ہیں۔",117,medium,list-recall,,,,,,,,,,
523,ہنزہ کے ناشتے کے مرکب کو اوپر سے کیا ڈال کر پیش کیا جاتا ہے؟,"شہد، دہی یا مقامی کریم",ہنزہ کے ناشتے کے مرکب کو اوپر سے تازہ مقامی کریم یا دہی اور شہد ڈال کر پیش کیا جاتا ہے۔,117,medium,list-recall,,,,,,,,,,
524,وادی ہنزہ کے دور افتادہ پہاڑی علاقے پانی کے قدرتی ماحول پر کیا اثر ڈالتے ہیں؟,قدرتی ماحول کو برقرار رکھنے میں مدد دیتے ہیں۔,وادی ہنزہ کے دور افتادہ پہاڑی علاقے پانی کے قدرتی ماحول کو برقرار رکھنے میں کردار ادا کرتے ہیں۔,118,easy,factual,,,,,,,,,,
525,بعض ذرائع کے مطابق ہنزہ کے پانی کی ایک نمایاں خصوصیت کیا ہے؟,الکلائن خصوصیات,بعض ذرائع کے مطابق ہنزہ کے پانی کو الکلائن خصوصیات کے حامل پانی کے طور پر بیان کیا جاتا ہے۔,118,easy,factual,,,,,,,,,,
526,ہنزہ کے پانی کے اہم ذرائع میں کون سی گلیشیری ندی شامل ہے؟,راکاپوشی کی گلیشیری ندی,راکاپوشی کے علاقے سے بہنے والی گلیشیری ندی ہنزہ کے پانی کے اہم ذرائع میں شمار کی جاتی ہے۔,118,easy,factual,,,,,,,,,,
527,ہنزہ میں سیب کی کون کون سی اقسام کاشت کی جاتی ہیں؟,"میٹھی، کھٹی، کراری، رسیلی","ہنزہ میں سیب کی متعدد اقسام کاشت کی جاتی ہیں جن میں میٹھی، کھٹی، کراری اور رسیلی اقسام شامل ہیں۔",119,medium,list-recall,,,,,,,,,,
528,ہنزہ میں کون کون سے خشک میوہ جات اگائے جاتے ہیں؟,"بادام، اخروٹ، خوبانی، انگور، سفرجل","وادی ہنزہ میں بادام، اخروٹ، خوبانی، انگور اور مقامی قسم کے سفرجل سمیت متعدد پھل اگائے جاتے ہیں۔",120,medium,list-recall,,,,,,,,,,
529,ہنزہ میں خشک میوہ جات کی مقامی قیمتیں نسبتاً مناسب کیوں رہتی ہیں؟,دیگر شہروں تک فروخت اور ترسیل کی وجہ سے,بعض خشک میوہ جات پاکستان کے دیگر شہروں تک پہنچائے جاتے ہیں جس کے باعث مقامی منڈیوں میں ان کی قیمتیں نسبتاً مناسب رہتی ہیں۔,120,easy,factual,,,,,,,,,,
530,عطاء آباد جھیل کیسے وجود میں آئی؟,2010 میں لینڈ سلائیڈ سے,عطاء آباد جھیل 2010 میں ایک بڑے لینڈ سلائیڈ کے نتیجے میں وجود میں آئی۔,121,easy,factual,,,,,,,,,,
531,عطاء آباد جھیل پر سیاحوں کے لیے کیا سرگرمیاں دستیاب ہیں اور کب جایا جا سکتا ہے؟,"کشتی کی سواری، دن کے وقت",دن کے وقت سیاح جھیل کا دورہ کر سکتے ہیں جبکہ کنارے پر مختصر کشتی کی سواریاں بھی دستیاب ہیں۔,121,medium,list-recall,,,,,,,,,,
532,عطاء آباد جھیل کے ارد گرد کا ماحول کیسا ہے؟,"چٹانی پہاڑی مناظر، نیلا پانی",جھیل کے اطراف قراقرم کے بلند اور چٹانی پہاڑی مناظر پائے جاتے ہیں جبکہ نیلا پانی اس کی نمایاں خصوصیات میں شامل ہے۔,121,medium,list-recall,,,,,,,,,,
533,ڈاوڈو میں کون کون سے اجزاء استعمال ہوتے ہیں؟,"گندم کے نوڈلز، مرغی، پیاز، دھنیا، الائچی، زیرہ","ڈاوڈو مقامی گندم کے آٹے سے ہاتھ سے کاٹے گئے نوڈلز، قیمہ مرغی، کٹے پیاز، دھنیے، الائچی اور زیرے سے تیار کیا جاتا ہے۔",122,medium,list-recall,,,,,,,,,,
534,ڈاوڈو کے شوربے کی کیا خصوصیت ہے؟,ہلکے سنہری رنگ کا,ڈاوڈو کا شوربہ ہلکے سنہری رنگ کا ہوتا ہے۔,122,easy,factual,,,,,,,,,,
535,چپشورو روایتی طور پر کس گوشت سے بنایا جاتا ہے اور اس میں کیا مصالحے ڈالے جاتے ہیں؟,"یاک کا گوشت، پیاز، لال مرچ، ٹماٹر، دھنیا","چپشورو روایتی طور پر یاک کے گوشت سے تیار کیا جاتا ہے اور اس میں کٹا پیاز، لال مرچ، چھوٹے مقامی ٹماٹر اور دھنیے کے پتے شامل کیے جاتے ہیں۔",123,medium,list-recall,,,,,,,,,,
536,چپشورو ہنزہ کے کھانوں میں کس حیثیت سے جانا جاتا ہے؟,معروف مقامی پکوان,چپشورو ہنزہ کے معروف مقامی کھانوں میں شمار ہوتا ہے۔,123,easy,factual,,,,,,,,,,
537,بیریکٹز میں کون سی اہم اجزاء استعمال ہوتے ہیں؟,"بکری کے دودھ کا پنیر، آٹا، خوبانی کا تیل","بیریکٹز کی تیاری میں بکری کے دودھ سے بنایا گیا پنیر، آٹا اور خوبانی کا تیل استعمال کیا جاتا ہے۔",124,medium,list-recall,,,,,,,,,,
538,بیریکٹز کس کھانے کی روایت کا حصہ ہے؟,ہنزہ اور بلتی کھانے,بیریکٹز ہنزہ اور بلتی کھانوں کا ایک روایتی پکوان ہے۔,124,easy,factual,,,,,,,,,,
539,پاکستان میں کون سے تین پہاڑی سلسلے آپس میں ملتے ہیں؟,"ہمالیہ، قراقرم، ہندوکش","پاکستان کے شمالی علاقے بلتستان میں دنیا کے تین عظیم ترین پہاڑی سلسلے ہمالیہ، قراقرم اور ہندوکش آپس میں ملتے ہیں۔",125,medium,list-recall,,,,,,,,,,
540,شاہراہ قراقرم کو دنیا کا آٹھواں عجوبہ کیوں کہا جاتا ہے؟,پہاڑی علاقے میں انجینئرنگ کی وجہ سے,دشوار گزار پہاڑی علاقے میں تعمیراتی انجینئرنگ کی وجہ سے شاہراہ قراقرم کو اکثر دنیا کا آٹھواں عجوبہ کہا جاتا ہے۔,126,easy,factual,,,,,,,,,,
541,تاریخی شاہراہ ریشم اور شاہراہ قراقرم کے بارے میں کون سی دو معلومات بیان کی گئی ہیں؟,"ساتھ ساتھ راستے، وادیٔ ہنزہ میں آثار","تاریخی شاہراہ ریشم کے بعض حصے شاہراہ قراقرم کے ساتھ ساتھ دکھائی دیتے ہیں، جبکہ خنجراب کی جانب سفر کے دوران وادیٔ ہنزہ میں اس تاریخی راستے کے آثار بعض مقامات پر دیکھے جا سکتے ہیں۔",126,medium,list-recall,,,,,,,,,,
542,خنجراب کی جانب سفر کرتے ہوئے تاریخی شاہراہ ریشم کے آثار کہاں دیکھے جا سکتے ہیں؟,وادیٔ ہنزہ کے بعض مقامات پر,خنجراب درے کی جانب سفر کے دوران وادیٔ ہنزہ میں تاریخی شاہراہ ریشم کے آثار بعض مقامات پر دیکھے جا سکتے ہیں۔,126,easy,factual,,,,,,,,,,
543,قراقرم کے مختصر سفر کے لیے اسلام آباد سے گلگت پہنچنے کا عام طریقہ کیا ہے؟,پرواز,قراقرم کے مختصر سفر کے لیے عموماً اسلام آباد سے گلگت تک پرواز کر کے وہاں سے مقامی گاڑی حاصل کی جاتی ہے۔,127,easy,factual,,,,,,,,,,
544,قراقرم کے مختصر سفر میں عموماً کن مقامات کا سفر شامل ہوتا ہے؟,"گلگت، کریم آباد، خنجراب","قراقرم کے مختصر سفر میں عموماً گلگت، کریم آباد (ہنزہ) اور خنجراب درے کا سفر شامل ہوتا ہے، جبکہ واپسی ہنزہ یا گلگت کے راستے کی جا سکتی ہے۔",127,medium,list-recall,,,,,,,,,,
545,قراقرم کے علاقے کا مختصر سیاحتی سفر عموماً کتنے دن میں مکمل کیا جا سکتا ہے؟,دو یا تین دن,قراقرم کے علاقے کا مختصر سیاحتی سفر عموماً دو یا تین دن میں مکمل کیا جا سکتا ہے۔,127,easy,factual,,,,,,,,,,
546,عطا آباد جھیل آنے جانے کا طریقہ وقت کے ساتھ کیسے تبدیل ہوا؟,"سڑک، کشتی، سرنگیں","2010 سے پہلے یہاں سڑک موجود تھی، جھیل بننے کے بعد کچھ عرصہ بڑی لکڑی کی کشتیوں کے ذریعے آمدورفت ہوتی رہی، جبکہ بعد میں سرنگوں کی تعمیر سے محفوظ سڑک رسائی دوبارہ ممکن ہو گئی۔",129,medium,list-recall,,,,,,,,,,
547,ایگلز نیسٹ پر غروب آفتاب کا بہترین نظارہ حاصل کرنے کے لیے کب پہنچنا چاہیے؟,غروب آفتاب سے تقریباً 30 منٹ پہلے,ارد گرد کی چوٹیوں کا بہترین نظارہ حاصل کرنے کے لیے ایگلز نیسٹ پر غروب آفتاب سے تقریباً 30 منٹ پہلے پہنچنے کی سفارش کی جاتی ہے۔,128,easy,factual,,,,,,,,,,
548,خنجراب کی بلندی پر سفر کرتے ہوئے کن احتیاطی تدابیر پر عمل کرنا چاہیے؟,"پانی پینا، آہستہ چلنا، خشک میوہ جات","خنجراب درے کی طرف سفر کرتے ہوئے مسافروں کو پانی مناسب مقدار میں پینے، آہستہ چلنے اور خشک میوہ جات استعمال کرنے کا مشورہ دیا جاتا ہے۔",130,medium,list-recall,,,,,,,,,,
549,ایگلز نیسٹ سے کس پہاڑی سلسلے کا وسیع نظارہ کیا جا سکتا ہے؟,سلسلہ کوہ قراقرم,ایگلز نیسٹ سے سلسلہ کوہ قراقرم کا وسیع نظارہ کیا جا سکتا ہے۔,128,easy,factual,,,,,,,,,,
550,سوست میں بغیر گوشت یا سبزیوں کے کھانوں میں کیا کچھ دستیاب ہے؟,"راجما، دال، آلو کا سالن","سوست میں سبزیوں کے پکوانوں میں راجما، پیلی اور کالی دال، اور آلو کا سالن شامل ہے۔",131,medium,list-recall,,,,,,,,,,
551,سوست میں کھانے عموماً کن چیزوں کے ساتھ پیش کیے جاتے ہیں؟,"گرم روٹی، لال پیاز، ہری مرچ",سوست میں کھانے عموماً گرم روٹی کے ساتھ پیش کیے جاتے ہیں اور ان کے ساتھ تازہ لال پیاز اور ہری مرچ بھی دی جاتی ہے۔,131,medium,list-recall,,,,,,,,,,
552,سوست میں کھانے کے لیے کون سے مقامی پکوان ملتے ہیں؟,"راجما، دال، آلو کا سالن","سوست میں مقامی کھانوں میں راجما، پیلی اور کالی دال، اور سبزیوں کے ساتھ تیار کیا گیا آلو کا سالن شامل ہے۔",131,medium,list-recall,,,,,,,,,,
553,خنجراب درے پر جاتے ہوئے سڑک کے حالات کیسے ہوتے ہیں؟,"تیز موڑ، برفیلی سڑک، پولیس چیک پوسٹ","خنجراب درے کی سڑک کے آخری حصے میں تیز موڑ ہیں، سڑک کی سطح برفیلی ہو سکتی ہے اور راستے میں ایک پولیس چیک پوسٹ بھی موجود ہے۔",132,medium,list-recall,,,,,,,,,,
554,عطاء آباد جھیل کے علاقے میں سرنگیں کیوں تعمیر کی گئیں؟,محفوظ سڑک رسائی کے لیے,سرنگیں اس لیے تعمیر کی گئیں تاکہ علاقے میں دوبارہ مسلسل اور محفوظ سڑک رسائی فراہم کی جا سکے۔,129,easy,factual,,,,,,,,,,
555,خنجراب درے پر سرحدی دروازہ کہاں ہے اور کیسا ہے؟,"پارکنگ سے 500 میٹر، سوویت طرز کا پتھر کا ڈھانچہ",پارکنگ ایریا سے سرحدی دروازہ تقریباً 500 میٹر آگے ہے جو ایک بڑا سوویت طرز کا چوکور پتھر کا ڈھانچہ ہے اور چین کے صوبے سنکیانگ کے داخلے کی نشاندہی کرتا ہے۔,132,medium,list-recall,,,,,,,,,,
556,مقامی روایت کے مطابق بلندی سے ہونے والے چکر کم کرنے کے لیے کیا مفید سمجھا جاتا ہے؟,خوبانی,مقامی روایت کے مطابق خوبانی بلندی سے متعلق چکر آنے کی کیفیت کم کرنے میں مددگار سمجھی جاتی ہے۔,130,easy,factual,,,,,,,,,,
557,بلتستان میں خوبانی والے ڈاوڈو اور عام ڈاوڈو میں کیا فرق ہے؟,"خوبانی بمقابلہ گوشت، میٹھا شوربہ",بلتستان میں ڈاوڈو کی ایک خاص قسم گوشت کی بجائے خوبانی سے تیار کی جاتی ہے جس میں بھگوئی ہوئی خوبانی کو گندم کے نوڈلز کے ساتھ پکا کر گاڑھا میٹھا شوربہ تیار کیا جاتا ہے۔,133,medium,list-recall,,,,,,,,,,
558,خنجراب درے پر درجہ حرارت کتنا گر سکتا ہے؟,منفی 25 ڈگری سیلسیس,خنجراب درے پر درجہ حرارت منفی 25 ڈگری سیلسیس تک گر سکتا ہے۔,132,easy,factual,,,,,,,,,,
559,بُرُست بُریکٹز میں کون سے اجزاء استعمال ہوتے ہیں؟,"گندم یا جَو کا آٹا، خوبانی کا تیل، زیرہ، ہمالیائی نمک، کالی مرچ، اخروٹ کا تیل، دھنیا، بُرُست پنیر","بُرُست بُریکٹز گندم یا جَو کے آٹے کو خوبانی کے تیل سے گوندھ کر بنایا جاتا ہے، اوپر زیرہ ڈالا جاتا ہے، ہمالیائی نمک اور کالی مرچ سے ذائقہ دار بنایا جاتا ہے، اخروٹ کے تیل سے ملا کر دھنیے سے سجایا جاتا ہے اور اندر بُرُست پنیر بھرا ہوتا ہے۔",134,medium,list-recall,,,,,,,,,,
560,شربت کن اجزاء سے بنتا ہے اور اسے کس کے ساتھ کھایا جاتا ہے؟,"گندم، پہاڑی پانی، مکھن، نمک، روٹی، سبز چائے","شربت مقامی بے جرثومہ گندم، پہاڑی پانی، مقامی مکھن اور نمک سے تیار کیا جاتا ہے اور روایتی طور پر روٹی اور گرم سبز چائے کے ساتھ کھایا جاتا ہے۔",135,medium,list-recall,,,,,,,,,,
561,خوبانی والے ڈاوڈو کے شوربے کو گاڑھا کرنے کے لیے کیا استعمال کیا جاتا ہے؟,گندم کا آٹا,خوبانی والے ڈاوڈو کے شوربے کو مزید گاڑھا کرنے کے لیے کبھی کبھی گندم کا آٹا شامل کیا جاتا ہے۔,133,easy,factual,,,,,,,,,,
562,روایتی پامیری کھانوں کا تجربہ کہاں اور کیسے کیا جا سکتا ہے؟,کیونکہ یہ بلتی اور پامیری کھانوں کا امتزاج ہے جو صرف اسی خطے میں ملتا ہے۔,"یہ کھانا سوست اور خنجراب درے کے درمیانی دیہات میں ملتا ہے۔ چونکہ یہ عام طور پر گھروں میں پکایا جاتا ہے، اس لیے مسافر مقامی خاندانوں سے پہلے سے انتظام کروا کر اس کا تجربہ کر سکتے ہیں۔",136,medium,list-recall,,,,,,,,,,
563,بُرُست پنیر کھانے کو کیسا ذائقہ دیتا ہے؟, بھرپور,بُرُست پنیر پکوان کو  بھرپور ذائقہ دیتا ہے۔,134,easy,factual,,,,,,,,,,
564,"کریم آباد میں صبح سویرے راکاپوشی کا نظارہ کرنے کے بعد ناشتے میں کیا کھایا جاتا ہے، اور اسے کن چیزوں کے ساتھ پیش کیا جاتا ہے؟",گیال شہد یا خوبانی کے تیل اور مکھن والی چائے کے ساتھ,"صبح کے وقت کریم آباد سے راکاپوشی کا نظارہ کرنے کے بعد روایتی ہنزہ ناشتہ گیال کھایا جاتا ہے جو شہد، پھلوں کے جام یا خوبانی کے تیل کے ساتھ پیش کیا جاتا ہے اور عموماً مکھن والی گرم دودھ کی چائے کے ساتھ ہوتا ہے۔","115,116",hard,multi-source,,,,,,,,,,
565,"کریم آباد سے راکاپوشی کے دیدار کے لیے موزوں ترین وقت کون سا ہے، اور شام کے وقت قراقرم کا بہترین نظارہ کہاں سے کیا جا سکتا ہے؟",صبح راکاپوشی؛ شام ایگلز نیسٹ,صبح کے وقت کریم آباد سے راکاپوشی کا نظارہ جنوب کی سمت صاف موسم میں کیا جاتا ہے۔ شام کے وقت قراقرم کے پہاڑوں کا وسیع نظارہ ایگلز نیسٹ سے کیا جاتا ہے اور وہاں غروب آفتاب سے کم از کم 30 منٹ پہلے پہنچنا بہتر ہوتا ہے۔,"115,128",hard,multi-source,,,,,,,,,,
566,ایگلز نیسٹ سے قراقرم کا صاف نظارہ کرنے کے لیے سال کا کون سا موسم سب سے موزوں ہے؟,خزاں خصوصاً اکتوبر پرسکون و صاف؛ غروب سے 30 منٹ پہلے پہنچیں,"خزاں کا موسم، خصوصاً ستمبر کے آخر سے نومبر کے وسط تک، وادی ہنزہ میں پرسکون اور صاف موسم لاتا ہے اور اکتوبر خاص طور پر رنگارنگ اور پرسکون ہوتا ہے۔ ایسے موسم میں ایگلز نیسٹ سے قراقرم کے پہاڑی سلسلے کا واضح نظارہ کیا جا سکتا ہے، بہتر ہے کہ وہاں غروب آفتاب سے کم از کم 30 منٹ پہلے پہنچا جائے۔","128,139",hard,multi-source,,,,,,,,,,
567,"اگر کوئی سیاح کریم آباد میں مقامی ناشتے کا ذائقہ چکھنا چاہے تو اسے کون سے روایتی پکوان مل سکتے ہیں، اور ان کی خاص بات کیا ہے؟",گیال اور اناج و خشک میوہ جات پر مشتمل مقامی ناشتے؛ کریم آباد بازار؛ روایتی اجزاء اور مقامی انداز,"کریم آباد میں سیاح گیال اور اناج و خشک میوہ جات سے تیار ہونے والے روایتی ناشتے آزما سکتے ہیں۔ گیال کو شہد، جام یا خوبانی کے تیل کے ساتھ اور عموماً گرم دودھ والی چائے کے ساتھ پیش کیا جاتا ہے، جبکہ دوسرے ناشتے شہد، دہی یا مقامی کریم کے ساتھ پیش کیے جاتے ہیں۔ یہ روایتی ناشتے کریم آباد بازار میں دستیاب ہیں۔","116,117",hard,multi-source,,,,,,,,,,
568,ہنزہ کے دو مشہور مقامی پکوان ڈاوڈو اور چپشورو کن لحاظ سے ایک دوسرے سے مختلف ہیں؟,"ڈاوڈو نوڈل سوپ ہے اور مرغی کے قیمے سے بنتا ہے، جبکہ چپشورو گوشت بھری پائی ہے اور یاک یا گائے کے قیمے سے تیار کیا جاتا ہے۔","ڈاوڈو مقامی آٹے سے تیار کیا جانے والا روایتی نوڈل سوپ ہے جس میں عموماً مرغی کا قیمہ، پیاز اور دھنیا شامل ہوتے ہیں۔ اس کے برعکس، چپشورو آٹے کی گوشت بھری پائی ہے جو روایتی طور پر یاک اور آج کل عموماً گائے کے قیمے سے تیار کی جاتی ہے، جس میں پیاز، مقامی ٹماٹر اور دھنیے کے پتے بھی شامل ہوتے ہیں۔","122,123",hard,multi-source,,,,,,,,,,
569,کریم آباد بازار سے سیاح کون سے مقامی پھل اور خشک میوہ جات خرید سکتے ہیں؟,"سیب کی مختلف اقسام؛ بادام، اخروٹ، خوبانی، انگور, بازار میں دستیاب","ادی ہنزہ میں سیب کی متعدد اقسام کاشت کی جاتی ہیں جن میں میٹھی، کھٹی، کراری اور رسیلی اقسام شامل ہیں اور یہ مقامی منڈیوں میں مناسب قیمت پر دستیاب ہوتے ہیں۔ اس کے علاوہ ہنزہ کی آب و ہوا بادام، اخروٹ، خوبانی، انگور اور سفرجل جیسے خشک میوہ جات کی پیداوار کے لیے بھی موزوں ہے، جو کریم آباد بازار اور مقامی دکانوں میں عام دستیاب ہوتے ہیں۔","119,120",hard,multi-source,,,,,,,,,,
570,"خنجراب جاتے ہوئے تاریخی شاہراہِ ریشم کہاں نظر آتی ہے، اور اس سفر کا آسان طریقہ کیا ہے؟","وادیٔ ہنزہ میں شاہراہِ ریشم کے آثار؛ اسلام آباد سے گلگت پرواز، پھر مقامی گاڑی۔",خنجراب درے کی جانب سفر کے دوران وادیٔ ہنزہ میں بعض مقامات پر تاریخی شاہراہِ ریشم کے آثار دیکھے جا سکتے ہیں۔ اس سفر کے لیے عموماً اسلام آباد سے گلگت تک پرواز کر کے وہاں سے مقامی گاڑی کے ذریعے آگے جانا آسان سمجھا جاتا ہے۔,"126,127",hard,multi-source,,,,,,,,,,
571,"اگر قراقرم کے لیے دو سے تین دن کا سفر ہو تو کن مقامات کی سیر کی جا سکتی ہے، اور شاہراہِ قراقرم کو ""دنیا کا آٹھواں عجوبہ"" کیوں کہا جاتا ہے؟","پہاڑی تعمیراتی انجینئرنگ؛ کریم آباد، ہنزہ، خنجراب","شاہراہ قراقرم کو دشوار گزار پہاڑی علاقے میں اس کی تعمیراتی انجینئرنگ کی وجہ سے ""دنیا کا آٹھواں عجوبہ"" کہا جاتا ہے۔ دو یا تین دن کے مختصر سفر میں سیاح عموماً کریم آباد، ہنزہ اور خنجراب درے تک جاتے ہیں، جبکہ واپسی ہنزہ یا گلگت کے راستے کی جا سکتی ہے۔","126,127",hard,multi-source,,,,,,,,,,
572,گلگت کے قریب ایسا کون سا مقام ہے جہاں تین عظیم پہاڑی سلسلوں کا سنگم دیکھا جا سکتا ہے؟,"جگلوٹ گاؤں؛ ہمالیہ، قراقرم اور ہندوکش کا سنگم","گلگت کے قریب واقع جگلوٹ گاؤں میں ہمالیہ، قراقرم اور ہندوکش کے سنگم کا مشاہدہ کیا جا سکتا ہے، جو گلگت بلتستان کی نمایاں قدرتی خصوصیات میں شمار ہوتا ہے۔","125,137",hard,multi-source,,,,,,,,,,
573,اسلام آباد سے سفر کرنے والا سیاح تین پہاڑی سلسلوں کا سنگم دیکھنے کے ساتھ ہنزہ بھی جانا چاہے تو اسے کون سا راستہ اختیار کرنا ہوگا؟,"شاہراہ قراقرم سے گلگت، پھر جگلوٹ توقف، پھر ہنزہ — سڑک یا پرواز دونوں ممکن","اسلام آباد سے ہنزہ تک شاہراہ قراقرم کے ذریعے سڑک کا سفر تقریباً 12 سے 16 گھنٹے کا ہے، یا پھر گلگت تک پرواز کر کے وہاں سے مزید 2 سے 3 گھنٹے کی ڈرائیو سے ہنزہ پہنچا جا سکتا ہے۔ راستے میں گلگت سے تھوڑا آگے جگلوٹ گاؤں میں رک کر ہمالیہ، قراقرم اور ہندوکش کے سنگم کا نظارہ بھی کیا جا سکتا ہے۔
","137,138",hard,multi-source,,,,,,,,,,
574,"خنجراب درے پر سرحدی دروازہ دیکھنے کے لیے کتنا پیدل چلنا پڑتا ہے، اور وہاں کون سی احتیاطی تدابیر اختیار کرنی چاہییں؟","پارکنگ سے تقریباً 500 میٹر پیدل؛ آہستہ چلیں، پانی پئیں، خشک میوہ جات یا خوبانی استعمال کریں۔","سرحدی دروازہ پارکنگ ایریا سے تقریباً 500 میٹر پیدل واقع ہے۔ بلندی کی وجہ سے آکسیجن کم ہونے کے باعث آہستہ چلنے، مناسب مقدار میں پانی پینے اور ہلکی غذا یا خشک میوہ جات، خصوصاً خوبانی، استعمال کرنے کا مشورہ دیا جاتا ہے۔","130,132",hard,multi-source,,,,,,,,,,
575,خنجراب درے کے سفر میں برفیلی سڑک اور تیز موڑوں کے علاوہ کن باتوں کا خیال رکھنا چاہیے؟,"کم آکسیجن، کم ہوا کا دباؤ اور شدید سردی؛ آہستہ چلیں، پانی پئیں، خشک میوہ جات یا خوبانی استعمال کریں۔","خنجراب درہ بلند مقام پر واقع ہونے کی وجہ سے وہاں آکسیجن اور ہوا کا دباؤ کم جبکہ درجہ حرارت منفی 25 ڈگری سیلسیس تک ہو سکتا ہے۔ اس لیے آہستہ چلنے، مناسب مقدار میں پانی پینے اور ہلکی غذا یا خشک میوہ جات، خصوصاً خوبانی، استعمال کرنے کی سفارش کی جاتی ہے۔","130,132",hard,multi-source,,,,,,,,,,
576,"خنجراب درے کی طرف جاتے ہوئے سوست میں کھانے کے کیا اختیارات ہیں، اور آگے سفر کے دوران کن باتوں کا خیال رکھنا چاہیے؟","سوست میں راجما، دال اور آلو کا سالن؛ آگے کم آکسیجن، شدید سردی، برفیلی سڑک اور 500 میٹر پیدل چلنا۔","سوست میں راجما، پیلی یا کالی دال اور آلو کا سالن گرم روٹی کے ساتھ دستیاب ہے۔ اس کے بعد خنجراب درے کی جانب سفر میں کم آکسیجن، شدید سردی، برفیلی سڑک، تیز موڑ اور سرحدی دروازے تک تقریباً 500 میٹر پیدل چلنے جیسے حالات کا سامنا ہو سکتا ہے۔","131,132",hard,multi-source,,,,,,,,,,
577,بلتستان کے روایتی پکوان خوبانی ڈاوڈو اور شربت کی تیاری میں کیا فرق ہے؟,"خوبانی ڈاوڈو خوبانی اور گندم کے نوڈلز سے بنتا ہے، جبکہ شربت مقامی گندم، مکھن اور پہاڑی پانی سے تیار ہوتا ہے۔","خوبانی ڈاوڈو میں بھگوئی ہوئی خوبانی اور گندم کے نوڈلز سے گاڑھا شوربہ تیار کیا جاتا ہے، جس میں کم مصالحہ استعمال ہوتا ہے اور ضرورت پڑنے پر گندم کا آٹا بھی شامل کیا جا سکتا ہے۔ اس کے برعکس، شربت مقامی بے جرثومہ گندم، پہاڑی پانی اور مکھن سے تیار کیا جاتا ہے، جس میں نمک واحد مصالحہ ہوتا ہے۔","133,135",hard,multi-source,,,,,,,,,,
578,"سوست سے خنجراب کے سفر کے دوران مسافر کن مقامی کھانوں کا ذائقہ چکھ سکتے ہیں، اور ان میں سے کون سے کھانوں کے لیے پیشگی انتظام کرنا پڑتا ہے؟","سوست میں راجما، دال اور آلو کا سالن؛ پامیری کھانوں کے لیے مقامی خاندانوں سے پیشگی رابطہ۔","سوست میں راجما، پیلی یا کالی دال اور آلو کا سالن جیسے روایتی کھانے دستیاب ہیں، جبکہ سوست اور خنجراب کے درمیان پامیری دیہات میں روایتی پامیری کھانے چکھنے کے لیے عموماً مقامی خاندانوں سے پہلے سے رابطہ یا انتظام کرنا ضروری ہوتا ہے۔","131,136",hard,multi-source,,,,,,,,,,
579,عطاء آباد جھیل کا وہ نیلا پانی جو آج سیاح کشتی میں دیکھتے ہیں پہلے کیا تھا اور سرنگیں بننے سے پہلے یہاں سے گزرنا کیسے ممکن تھا؟,2010 سے پہلے دریائی وادی تھی؛ بعد میں کشتیوں کے ذریعے عبور,2010 سے پہلے یہ علاقہ ایک دریائی وادی تھا جہاں سڑک کے ذریعے آمدورفت ممکن تھی۔ 2010 میں لینڈ سلائیڈ کے بعد عطاء آباد جھیل وجود میں آئی اور نقل و حمل کے لیے لکڑی کی بڑی کشتیوں کا استعمال کیا گیا۔ بعد ازاں سرنگیں تعمیر ہونے کے بعد محفوظ سڑک رسائی بحال ہو گئی۔,"121,129",hard,multi-source,,,,,,,,,,
580,پامیری کھانا پاکستان میں کن علاقوں تک محدود ہے اور یہ اتنا منفرد کیوں ہے؟,"سوست خنجراب علاقہ، بلتی اور پامیری کھانوں کا امتزاج",یہ کھانا سوست اور خنجراب کے درمیانی خطے تک محدود ہے اور پاکستان میں کہیں اور نہیں ملتا۔ اس کی انفرادیت یہ ہے کہ یہ بلتی اور پامیری روایات کا ایک خاص امتزاج ہے۔,136,easy,factual,,,,,,,,,,
581,تین پہاڑی سلسلوں کا ملاپ دیکھنے کے لیے کہاں جانا چاہیے؟,"جگلوٹ، گلگت سے 30 کلومیٹر جنوب","جگلوٹ گاؤں جو گلگت شہر سے تقریباً 30 کلومیٹر جنوب میں واقع ہے، ہندوکش، قراقرم اور ہمالیہ پہاڑی سلسلوں کے ملاپ کے مقام کا مشاہدہ کرنے کا نقطہ ہے۔",137,easy,factual,,,,,,,,,,
582,گلگت سے ہنزہ اور ہنزہ سے خنجراب کا فاصلہ کتنا ہے؟,گلگت سے ہنزہ 100 کلومیٹر,گلگت شہر سے وادی ہنزہ تک تقریباً 100 کلومیٹر کا فاصلہ ہے۔ وادی ہنزہ میں رکے بغیر براہ راست گلگت سے خنجراب جانا ممکن ہے جس سے ہر طرف تقریباً ایک اضافی گھنٹہ لگتا ہے۔,137,medium,list-recall,,,,,,,,,,
583,اسلام آباد سے ہنزہ جانے کے لیے کون کون سے بس آپشن ہیں اور بس سے اترنے کے بعد کریم آباد کیسے پہنچیں؟,"فیصل موورز، سکائی ویز اور کوہستان ایکسپریس؛ گلگت یا علی آباد اتر کر مقامی وین یا ٹیکسی سے کریم آباد جائیں","اسلام آباد، لاہور اور راولپنڈی سے روزانہ کئی بس سروسز چلتی ہیں جن میں فیصل موورز، سکائی ویز اور کوہستان ایکسپریس شامل ہیں۔ یہ بسیں مسافروں کو گلگت یا ہنزہ کے علی آباد میں اتارتی ہیں جہاں سے مقامی وین یا ٹیکسی کریم آباد تک لے جاتی ہے۔",138,medium,list-recall,,,,,,,,,,
584,اسلام آباد سے ہنزہ سڑک کے ذریعے جانے میں کتنا وقت لگتا ہے؟,12 سے 16 گھنٹے,"سڑک کا سفر رکاوٹوں اور سڑک کے حالات کے مطابق 12 سے 16 گھنٹے تک لگتا ہے اور یہ شاہراہ قراقرم کے ذریعے پہاڑوں، دریاؤں، سرنگوں اور چھوٹے قصبوں سے گزرتا ہے۔",138,easy,factual,,,,,,,,,,
585,گلگت ایئرپورٹ سے ہنزہ پہنچنے میں کتنا وقت لگتا ہے ا؟,گلگت سے ہنزہ 2 سے 3 گھنٹے کی ڈرائیو,اسلام آباد سے گلگت ایئرپورٹ تک پروازیں دستیاب ہیں جہاں سے ہنزہ 2 سے 3 گھنٹے کی ڈرائیو پر ہے۔,138,easy,factual,,,,,,,,,,
586,"ہنزہ جانے کے لیے سڑک اور ہوائی سفر میں کیا فرق ہے — وقت، سہولت اور خطرات کے لحاظ سے؟","سڑک 12-16 گھنٹے لیکن قابل اعتماد؛ پرواز تیز لیکن موسم کی وجہ سے تاخیر یا منسوخی ممکن، پھر بھی گلگت سے 2-3 گھنٹے ڈرائیو باقی",سڑک کا سفر 12 سے 16 گھنٹے کا ہے جو شاہراہ قراقرم سے گزرتا ہے اور موسم سے قطع نظر عموماً ممکن رہتا ہے۔ پرواز سے گلگت جلدی پہنچا جا سکتا ہے لیکن پروازیں موسمی حالات پر منحصر ہیں اور تاخیر یا منسوخی کا خطرہ ہے — اس کے بعد بھی گلگت سے ہنزہ تک 2 سے 3 گھنٹے کی ڈرائیو باقی رہتی ہے۔,138,medium,list-recall,,,,,,,,,,
587,ہنزہ جانے کے لیے سال کے کون سے موسم سب سے بہتر ہیں اور ہر موسم میں کیا خاص ہے؟,"بہار میں چیری بلاسم، گرمیوں میں ٹریکنگ، خزاں میں رنگارنگ پتے — سردیاں ناتجربہ کار مسافروں کے لیے موزوں نہیں","بہار (اپریل تا مئی اوائل) میں چیری بلاسم کا نظارہ ملتا ہے۔ گرمی (جون تا اگست) سیاحت کا عروج ہے جو ٹریکنگ اور خاندانی سفر کے لیے بہترین ہے۔ خزاں (ستمبر آخر تا نومبر وسط) میں وادی سنہری، نارنجی اور سرخ رنگوں میں ڈھک جاتی ہے اور اکتوبر خاص طور پر پرسکون اور رنگارنگ ہوتا ہے۔ سردیاں شدید سردی، برف باری اور بند سڑکوں کی وجہ سے ناتجربہ کار مسافروں کے لیے موزوں نہیں۔",139,medium,list-recall,,,,,,,,,,
588,ہنزہ میں چیری بلاسم کا نظارہ کس مہینے میں ملتا ہے؟,اپریل سے مئی کے اوائل تک,بہار کے موسم میں اپریل سے مئی کے اوائل تک چیری بلاسم کے پھولوں سے وادی گلابی اور سفید رنگوں میں ڈھک جاتی ہے اور موسم تازہ رہتا ہے۔,139,easy,factual,,,,,,,,,,
589,گرمیوں میں ہنزہ جانے کا کیا فائدہ ہے اور کیا نقصان ہے؟,"فائدہ: موسم بہترین، ٹریکنگ و سیاحت ممکن؛ نقصان: ہوٹل اور نقل و حمل مہنگے ہو سکتے ہیں","گرمیوں میں جون سے اگست تک درجہ حرارت 15 سے 30 ڈگری سیلسیس کے درمیان رہتا ہے اور یہ سیاحت کا عروج کا موسم ہے جو ٹریکنگ، سیر و سیاحت اور خاندانی سفر کے لیے موزوں ہے۔ تاہم اس موسم میں ہوٹل اور نقل و حمل مہنگے ہو سکتے ہیں۔",139,medium,list-recall,,,,,,,,,,
590,بلتت فورٹ کتنا پرانا ہے اور یہ کہاں واقع ہے؟,"800 سال سے زیادہ پرانا، کریم آباد میں پہاڑی کی چوٹی پر","بلتت فورٹ وادی ہنزہ کے مرکزی سیاحتی مقام کریم آباد میں واقع ہے، ایک پہاڑی کی چوٹی پر، اور 800 سال سے زیادہ پرانا ہے۔",140,medium,list-recall,,,,,,,,,,
591,ہنزہ میں گرمیوں کے موسم میں درجہ حرارت کتنا رہتا ہے ں؟,15 سے 30 ڈگری سیلسیس,جون سے اگست تک درجہ حرارت 15 سے 30 ڈگری سیلسیس کے درمیان رہتا ہے,139,easy,factual,,,,,,,,,,
592,بلتت فورٹ تک پہنچنے کے کیا طریقے ہیں؟,کریم آباد کی تنگ گلیوں سے پیدل یا قریبی ہوٹلوں سے مختصر ڈرائیو,قلعے تک کریم آباد کی تنگ گلیوں سے پیدل چل کر یا قریبی ہوٹلوں سے مختصر ڈرائیو کے ذریعے پہنچا جا سکتا ہے۔,140,easy,factual,,,,,,,,,,
593,"بلتت فورٹ کا مقام، نظارہ اور تاریخ اسے سیاحوں کے لیے کیوں اہم بناتے ہیں؟
","800 سال پرانا قلعہ، پہاڑی چوٹی پر وادی کا وسیع نظارہ، خطے کی شاہی تاریخ کی جھلک",بلتت فورٹ کریم آباد میں پہاڑی کی چوٹی پر واقع ہے اور 800 سال سے زیادہ پرانا ہے۔ یہاں سے ارد گرد کی وادی کا وسیع نظارہ ملتا ہے اور یہ خطے کی شاہی تاریخ کی جھلک دکھاتا ہے۔ پہنچنے کے لیے کریم آباد کی تنگ گلیوں سے پیدل یا قریبی ہوٹلوں سے ڈرائیو کا آپشن ہے۔,140,medium,list-recall,,,,,,,,,,
594,الطت فورٹ کریم آباد سے کتنی دور ہے اور وہاں کیسے پہنچا جا سکتا ہے؟,کریم آباد سے چند منٹ؛ سڑک سے جائیں پھر روایتی گاؤں کے راستے سے مختصر پیدل سفر,الطت فورٹ کریم آباد سے چند منٹ کے فاصلے پر الطت گاؤں میں واقع ہے۔ وہاں پہنچنے کے لیے سڑک کے ذریعے جانا ہوتا ہے اور پھر ایک روایتی گاؤں کے راستے سے مختصر پیدل سفر کرنا پڑتا ہے۔,141,easy,factual,,,,,,,,,,
595,پاسو کونز کریم آباد سے کتنے فاصلے پر ہے]؟,تقریباً 45 سے 50 کلومیٹر,پاسو کونز کریم آباد سے تقریباً 45 سے 50 کلومیٹر دور ہے۔,142,easy,factual,,,,,,,,,,
596,کریم آباد سے پاسو کونز جاتے ہوئے راستے میں کیا کیا آتا ہے اور پاسو گاؤں سے کیا کیا دیکھا جا سکتا ہے؟,راستے میں عطاء آباد جھیل اور کئی سرنگیں؛ پاسو گاؤں سے قریبی گلیشیئرز اور مقامی ثقافت تک رسائی,کریم آباد سے پاسو کونز جانے کا راستہ عطاء آباد جھیل اور کئی سرنگوں سے گزرتا ہے۔ پاسو گاؤں کونز کے قریب واقع ہے جہاں سے قریبی گلیشیئرز اور مقامی ثقافت تک رسائی حاصل کی جا سکتی ہے۔,142,medium,list-recall,,,,,,,,,,
597,ایگلز نیسٹ کریم آباد سے کتنی دور ہے اور اسے اور کیا نام سے جانا جاتا ہے؟,کریم آباد سے 20 سے 30 منٹ کی ڈرائیو؛ دوئیکر بھی کہا جاتا ہے,"ایگلز نیسٹ، جسے دوئیکر بھی کہا جاتا ہے، کریم آباد سے 20 سے 30 منٹ کی ڈرائیو پر واقع ہے۔",143,easy,factual,,,,,,,,,,
598,ایگلز نیسٹ سے کون سی چوٹیاں نظر آتی ہیں اور وہاں کیمپنگ کرنے والوں کے لیے کیا سہولیات دستیاب ہیں؟,"الٹر سر، لیڈی فنگر اور گولڈن پیک؛ قریبی گیسٹ ہاؤسز معمولی فیس پر واش روم اور کچن کی سہولت دیتے ہیں","ایگلز نیسٹ سے الٹر سر، لیڈی فنگر اور گولڈن پیک کا وسیع نظارہ ملتا ہے اور طلوع و غروب آفتاب کے وقت پہاڑ نارنجی اور سنہری رنگوں میں نہا جاتے ہیں۔ یہاں کوئی دکان نہیں لیکن قریبی گیسٹ ہاؤسز معمولی فیس پر واش روم اور کچن کی سہولت فراہم کرتے ہیں۔",143,medium,list-recall,,,,,,,,,,
599,ایگلز نیسٹ جانے سے پہلے کیا کیا تیاری ضروری ہے؟,اپنا سامان ساتھ لائیں کیونکہ کوئی دکان نہیں؛ گرم کپڑے ضروری ہیں کیونکہ راتیں سرد ہوتی ہیں,ایگلز نیسٹ میں کوئی دکان نہیں ہے اس لیے اپنا سامان ساتھ لانا ضروری ہے۔ گرمیوں میں بھی راتیں سرد ہوتی ہیں اس لیے گرم کپڑے ساتھ رکھنا لازمی ہے۔,143,easy,factual,,,,,,,,,,
600,عطاء آباد جھیل پر کیمپنگ کے لیے جانے والوں کو کیا کیا جاننا ضروری ہے؟,غروب سے پہلے پہنچیں؛ موبائل سگنل کمزور ہے؛ قریبی کیفے گرم کھانا دیتے ہیں؛ سامان اور کشتیاں کرائے پر ملتی ہیں,بہترین تجربے کے لیے غروب آفتاب سے پہلے پہنچنا تجویز کیا جاتا ہے۔ علاقے میں موبائل نیٹ ورک کا سگنل کمزور ہے۔ کیمپنگ کا سامان اور کشتیاں مقامی دکانداروں سے کرائے پر مل سکتی ہیں اور جھیل کے قریب چھوٹے کیفے گرم کھانا فراہم کرتے ہیں۔,144,medium,list-recall,,,,,,,,,,
601,ہوپر ویلی جانے والے سیاح کو گاڑی اور سامان کے بارے میں کیا کیا احتیاط کرنی چاہیے؟,آخری حصے کے لیے فور وہیل ڈرائیو ضروری ہے؛ دکانیں کم ہیں اس لیے سامان پہلے سے پیک کریں؛ گلیشیئر کے قریب سرد موسم کا سامان لائیں,آخری حصے کے لیے فور وہیل ڈرائیو گاڑی ضروری ہے۔ علاقے میں دکانیں کم ہیں اس لیے ضروری سامان پہلے سے پیک کرنا چاہیے۔ گلیشیئر کے قریب کیمپنگ کے لیے سرد موسم کا سامان بھی ضروری ہے۔,145,medium,list-recall,,,,,,,,,,
602,ہوپر ویلی میں سیاحوں کو کون سی خاص سہولیات اور نظارے ملتے ہیں؟,گولڈن پیک اور راکاپوشی کے نظارے؛ مقامی گائیڈ قریبی گاؤں سے دستیاب جو رہنمائی اور ثقافتی معلومات دیتے ہیں,ہوپر ویلی سے گولڈن پیک اور راکاپوشی کے شاندار نظارے ملتے ہیں۔ قریبی گاؤں سے مقامی گائیڈ دستیاب ہیں جو راستے کی رہنمائی کے ساتھ ثقافتی معلومات بھی فراہم کرتے ہیں۔,145,medium,list-recall,,,,,,,,,,
603,عطاء آباد جھیل پر کیمپنگ کا سامان کہاں سے ملتا ہے؟,مقامی دکانداروں سے کرائے پر لیا جا سکتا ہے,جھیل کے کنارے کئی کیمپنگ زونز موجود ہیں جہاں مقامی دکانداروں سے کیمپنگ کا سامان اور کشتیاں کرائے پر لی جا سکتی ہیں۔,144,easy,factual,,,,,,,,,,
604,پاسو میں کیمپنگ کے لیے کون سا سامان لازمی ہے اور کھانے کا کیا انتظام ہے؟,واٹر پروف خیمے اور معیاری سلیپنگ بیگز ضروری ہیں کیونکہ تیز ہوا چلتی ہے؛ قریبی کیفے مقامی کھانا پیش کرتے ہیں,پاسو میں ہوا تیز چلتی ہے اس لیے واٹر پروف خیمے اور معیاری سلیپنگ بیگز ضروری ہیں۔ کھانے کے لیے قریبی کیفے مقامی کھانا پیش کرتے ہیں۔,146,medium,list-recall,,,,,,,,,,
605,مسگر ویلی جانے سے پہلے کیا کیا تیاری اور احتیاط ضروری ہے؟,فور وہیل ڈرائیو گاڑی چاہیے؛ کوئی دکان یا موبائل سگنل نہیں؛ کیمپنگ سے پہلے مقامی حکام کو مطلع کریں,مسگر ویلی تک پہنچنے کے لیے فور وہیل ڈرائیو گاڑی ضروری ہے۔ یہاں کوئی دکان یا موبائل سگنل نہیں ہے اس لیے سامان پہلے سے تیار کرنا ضروری ہے۔ کیمپنگ سے پہلے مقامی حکام کو مطلع کرنا بھی تجویز کیا جاتا ہے۔,147,medium,list-recall,,,,,,,,,,
606,چپورسان ویلی جانے سے پہلے کن باتوں کا خیال رکھنا ضروری ہے؟,بارش کے بعد سڑک کے حالات بدل سکتے ہیں؛ بعض اوقات مقامی حکام سے اجازت ضروری ہے؛ پہلے سے منصوبہ بندی کریں,بارش کے بعد سڑک کے حالات مختلف ہو سکتے ہیں اس لیے روانہ ہونے سے پہلے تازہ صورتحال جاننا ضروری ہے۔ بعض اوقات مقامی حکام سے اجازت لینا بھی ضروری ہوتا ہے اس لیے پہلے سے منصوبہ بندی کرنی چاہیے۔,148,medium,list-recall,,,,,,,,,,
607,ہوپر ویلی کریم آباد سے کتنی دور ہے اور وہاں پہنچنے کے راستے میں کیا عبور کرنا پڑتا ہے؟,تقریباً 45 منٹ کی ڈرائیو؛ ہنزہ نگر پل عبور کرنا پڑتا ہے,ہوپر ویلی کریم آباد سے تقریباً 45 منٹ کی ڈرائیو پر ہے اور وہاں پہنچنے کے لیے ہنزہ نگر پل عبور کرنا پڑتا ہے۔,145,easy,factual,,,,,,,,,,
608,رش لیک ٹریک پر جانے والوں کو کیمپ کہاں لگانا ہوتا ہے اور وہاں سے کون سی چوٹیاں نظر آتی ہیں؟,"بیس کیمپ بارپو گلیشیئر پر؛ اسپانٹک، الٹر سر اور میار پیک کے نظارے","بیس کیمپ عموماً بارپو گلیشیئر پر لگایا جاتا ہے۔ یہاں سے اسپانٹک، الٹر سر اور میار پیک کے نظارے ملتے ہیں۔",149,medium,list-recall,,,,,,,,,,
609,رش لیک ٹریک کے لیے کیا کیا تیاری اور سہولیات دستیاب ہیں؟,"مقامی گائیڈ اور پورٹر دستیاب ہیں اور تجویز کیے جاتے ہیں؛ ہوپر گلیشیئر سے کئی روزہ ٹریک، بیس کیمپ بارپو گلیشیئر پر","رش لیک تک ہوپر گلیشیئر سے گزرنے والے کئی روزہ ٹریک کے ذریعے پہنچا جاتا ہے جس میں کم از کم 2 سے 3 دن لگتے ہیں۔ مقامی گائیڈ اور پورٹر دستیاب ہیں اور ان کی خدمات لینا تجویز کیا جاتا ہے۔ بیس کیمپ عموماً بارپو گلیشیئر پر لگایا جاتا ہے جہاں سے اسپانٹک، الٹر سر اور میار پیک کے نظارے ملتے ہیں۔",149,medium,list-recall,,,,,,,,,,
610,مسگر ویلی کریم آباد سے کتنی دور ہے اور وہاں جانے کے لیے کس قسم کی گاڑی چاہیے؟,تقریباً 3 گھنٹے کی ڈرائیو؛ فور وہیل ڈرائیو گاڑی ضروری ہے,مسگر ویلی کریم آباد سے تقریباً 3 گھنٹے کی ڈرائیو پر ہے اور وہاں پہنچنے کے لیے فور وہیل ڈرائیو گاڑی ضروری ہے۔,147,easy,factual,,,,,,,,,,
611,ہنزہ میں کیمپنگ کے لیے سب سے بہترین مہینے کون سے ہیں اور سب سے زیادہ رش کب ہوتا ہے؟,مئی سے اکتوبر بہترین؛ جولائی اور اگست سب سے مصروف,ہنزہ میں کیمپنگ کے لیے مئی سے اکتوبر کا عرصہ بہترین ہے اور جولائی اور اگست سب سے مصروف مہینے ہیں۔,150,medium,list-recall,,,,,,,,,,
612,ہنزہ میں کیمپنگ کے لیے پرمٹ کی ضرورت ہے یا نہیں اور کیمپنگ کا سامان کہاں سے ملتا ہے؟,"زیادہ تر مقامات کے لیے پرمٹ نہیں، دور دراز وادیوں میں مقامی اجازت ضروری ہو سکتی ہے؛ کریم آباد میں کرائے پر ملتا ہے",زیادہ تر مقامات کے لیے کوئی پرمٹ درکار نہیں تاہم دور دراز وادیوں کے لیے مقامی اجازت ضروری ہو سکتی ہے۔ کیمپنگ کا سامان کریم آباد میں کرائے پر دستیاب ہے۔,150,medium,list-recall,,,,,,,,,,
613,ہنزہ میں کیمپنگ کے دوران حفاظت اور آرام کے لیے کن باتوں کا خیال رکھنا ضروری ہے؟,گرمیوں میں بھی تہہ بہ تہہ کپڑے پہنیں؛ دریا کے کناروں اور غیر مستحکم ڈھلوانوں سے گریز کریں؛ دور دراز وادیوں میں مقامی اجازت لیں,گرمیوں میں بھی راتیں سرد ہو سکتی ہیں اس لیے تہہ بہ تہہ کپڑے پہننا ضروری ہے۔ دریا کے کناروں اور غیر مستحکم ڈھلوانوں سے گریز کرنا چاہیے۔ دور دراز وادیوں میں جانے کے لیے مقامی اجازت ضروری ہو سکتی ہے۔,150,medium,list-recall,,,,,,,,,,
614,لکسز ہنزہ ریزورٹ کہاں واقع ہے اور اس کی خاص بات کیا ہے؟,"اینا آباد گوجال میں عطاء آباد جھیل کے کنارے، مرکزی ہنزہ سے تقریباً 6 کلومیٹر دور؛ جھیل تک براہ راست رسائی اور پہاڑوں کے نظارے","لکسز ہنزہ ایک 5 اسٹار ریزورٹ ہے جو اینا آباد گوجال، اوپری ہنزہ میں عطاء آباد جھیل کے کنارے واقع ہے اور مرکزی ہنزہ سے تقریباً 6 کلومیٹر دور ہے۔ یہ جھیل تک براہ راست رسائی اور ارد گرد کے پہاڑوں کے وسیع نظارے پیش کرتا ہے۔",151,medium,list-recall,,,,,,,,,,
615,چپورسان ویلی کریم آباد سے کتنی دور ہے؟,تقریباً 4 گھنٹے کی ڈرائیو,چپورسان ویلی کریم آباد سے تقریباً 4 گھنٹے کی ڈرائیو پر ہے,148,easy,factual,,,,,,,,,,
616,ہنزہ کے دو لگژری ہوٹلوں میں مقام اور سہولیات کے لحاظ سے کیا فرق ہے؟,"پی سی لیگیسی ناصر آباد میں راکاپوشی نظاروں کے ساتھ جدید کمرے، ہیٹنگ اور اعلیٰ ڈائننگ؛ لکسز ہنزہ عطاء آباد جھیل کے کنارے 5 اسٹار ریزورٹ جو جھیل اور پہاڑوں کے نظارے دیتا ہے","پی سی لیگیسی ہوٹل ناصر آباد میں واقع ہے اور راکاپوشی کے نظاروں کے ساتھ جدید لگژری کمرے، ہیٹنگ سسٹم اور اعلیٰ معیار کی ڈائننگ سہولیات فراہم کرتا ہے۔ لکسز ہنزہ ایک 5 اسٹار ریزورٹ ہے جو عطاء آباد جھیل کے کنارے اوپری ہنزہ میں واقع ہے اور جھیل تک براہ راست رسائی اور پہاڑوں کے وسیع نظارے پیش کرتا ہے۔",151,medium,list-recall,,,,,,,,,,
617,رش لیک پہنچنے میں کتنے دن لگتے ہیں؟,کم از کم 2 سے 3 دن کا پیدل سفر, ہوپر گلیشیئر سے گزرنے والے ٹریک کے ذریعے کم از کم 2 سے 3 دن کی پیدل سفر درکار ہے۔,149,easy,factual,,,,,,,,,,
618,اوپری ہنزہ کی سیر کرنے والوں کے لیے کون سے ہوٹل موزوں ہیں اور وہ کہاں واقع ہیں؟,پاسو ٹورسٹ لاج پاسو میں اوپری ہنزہ کے لیے بہترین بیس؛ گلمت ٹورسٹ ان اوپری ہنزہ میں سستی رہائش قدرتی مناظر کے قریب,پاسو ٹورسٹ لاج پاسو علاقے میں واقع ہے اور اوپری ہنزہ کی سیر کے لیے بہترین بیس ہے۔ گلمت ٹورسٹ ان بھی اوپری ہنزہ میں سستی رہائش فراہم کرتا ہے اور قدرتی مناظر کے قریب واقع ہے۔,152,medium,list-recall,,,,,,,,,,
619,ہنزہ کے سفر سے پہلے پیسوں اور نیویگیشن کے بارے میں کیا تیاری کرنی چاہیے؟,نقد رقم ساتھ لائیں کیونکہ دور دراز علاقوں میں اے ٹی ایم کم ہیں؛ آف لائن نقشے ڈاؤن لوڈ کریں کیونکہ موبائل سگنل کمزور ہو سکتا ہے,دور دراز علاقوں میں اے ٹی ایم کم ہیں اس لیے نقد رقم ساتھ لانا ضروری ہے۔ بعض علاقوں میں موبائل سگنل کمزور ہے اس لیے سفر سے پہلے نقشے ڈاؤن لوڈ کر لینے چاہئیں۔,153,medium,list-recall,,,,,,,,,,
620,طلبہ اور بیک پیکرز کے لیے ہنزہ میں کون سا ہوٹل بہترین ہے؟,"اولڈ ہنزہ ان، کریم آباد میں واقع بجٹ ہوٹل جو طلبہ اور بیک پیکرز میں مقبول ہے",اولڈ ہنزہ ان کریم آباد میں ایک مشہور بجٹ ہوٹل ہے جو طلبہ اور بیک پیکرز میں مقبول ہے۔,152,easy,factual,,,,,,,,,,
621,ہنزہ میں گاڑی چلانے اور موسم کے بارے میں کون سی احتیاطیں ضروری ہیں؟,رات کو تنگ پہاڑی سڑکوں پر گاڑی نہ چلائیں؛ گرمیوں میں بھی گرم کپڑے رکھیں کیونکہ درجہ حرارت اچانک گر سکتا ہے,تنگ اور پہاڑی سڑکوں کی وجہ سے رات کو گاڑی چلانے سے گریز کرنا چاہیے۔ گرمیوں میں بھی گرم کپڑے ساتھ رکھنا ضروری ہے کیونکہ درجہ حرارت اچانک گر سکتا ہے۔,153,medium,list-recall,,,,,,,,,,
622,اسکردو میں گرمیوں اور سردیوں کے موسم میں سفر کا تجربہ کیسے مختلف ہوتا ہے؟,"گرمیوں میں سیاحتی مقامات کھلے، سڑکیں محفوظ، درجہ حرارت 15-27؛ سردیوں میں بھاری برف باری، سڑکیں بند ہو سکتی ہیں، درجہ حرارت نقطہ انجماد سے نیچے — گرم کپڑے ضروری","گرمیوں (مئی تا اگست) میں درجہ حرارت 15 سے 27 ڈگری کے درمیان رہتا ہے، سیاحتی مقامات کھلے رہتے ہیں اور سڑکیں محفوظ ہوتی ہیں۔ سردیوں (نومبر تا فروری) میں بھاری برف باری ہوتی ہے، سڑکیں بند ہو سکتی ہیں اور درجہ حرارت نقطہ انجماد سے نیچے جا سکتا ہے — اس لیے مناسب سردیوں کے کپڑے ضروری ہیں۔",154,medium,list-recall,,,,,,,,,,
623,اسلام آباد سے اسکردو کتنے وقت میں پہنچا جا سکتا ہے اور کون سی ایئرلائنز یہ سروس چلاتی ہیں؟,تقریباً ایک گھنٹہ؛ ایئر بلو اور پاکستان انٹرنیشنل ایئر لائنز نان اسٹاپ پروازیں چلاتی ہیں,اسلام آباد سے اسکردو کے لیے پروازیں تقریباً ایک گھنٹے میں منزل تک پہنچاتی ہیں۔ ایئر بلو اور پاکستان انٹرنیشنل ایئر لائنز اسکردو کے لیے نان اسٹاپ پروازیں چلاتی ہیں۔,155,medium,list-recall,,,,,,,,,,
624,اسکردو کے لیے پرواز بک کرتے وقت کیا احتیاطیں ضروری ہیں اور ایئرپورٹ کہاں واقع ہے؟,موسمی حالات شیڈول متاثر کر سکتے ہیں اس لیے سفری منصوبوں میں اضافی وقت رکھیں؛ ایئرپورٹ شہر کے مرکز کے قریب ہے,شمالی علاقوں میں موسمی حالات پرواز کے شیڈول کو متاثر کر سکتے ہیں اس لیے سفری منصوبوں میں اضافی وقت رکھنا چاہیے۔ اسکردو ایئرپورٹ شہر کے مرکز کے قریب واقع ہے۔,155,medium,list-recall,,,,,,,,,,
625,اسلام آباد سے اسکردو جاتے ہوئے سڑک کا راستہ کہاں کہاں سے گزرتا ہے اور راستے میں کہاں رکا جا سکتا ہے؟,"ہزارہ موٹر وے، بشام، چلاس اور شاہراہ قراقرم سے گزرتا ہے؛ ناران، چلاس اور جگلوٹ میں وقفے لے سکتے ہیں","راستہ ہزارہ موٹر وے، بشام، چلاس اور پھر شاہراہ قراقرم سے گزرتا ہے۔ سفر کے دوران ناران، چلاس اور جگلوٹ میں وقفے لیے جا سکتے ہیں جہاں قدرتی مناظر کا لطف اٹھایا جا سکتا ہے۔",156,medium,list-recall,,,,,,,,,,
626,ہنزہ میں کون سے موبائل نیٹ ورک زیادہ تر علاقوں میں کام کرتے ہیں؟,زونگ اور جاز,زونگ اور جاز نیٹ ورک ہنزہ کے زیادہ تر علاقوں میں کام کرتے ہیں۔,153,easy,factual,,,,,,,,,,
627,شنگریلا ریزورٹ اسکردو سے کتنی دور ہے اور اسے کس نام سے بھی جانا جاتا ہے؟,اسکردو سے تقریباً 20 منٹ کی ڈرائیو؛ جنت نظیر بھی کہا جاتا ہے,شنگریلا ریزورٹ اسکردو شہر سے تقریباً 20 منٹ کی ڈرائیو پر واقع ہے اور اسے جنت نظیر بھی کہا جاتا ہے۔,157,medium,list-recall,,,,,,,,,,
628,اسکردو میں گرمیوں کے موسم میں درجہ حرارت کتنا رہتا ہے؟,15 سے 27 ڈگری سیلسیس,اسکردو میں گرمیوں کا موسم مئی سے اگست تک رہتا ہے جس میں درجہ حرارت 15 سے 27 ڈگری سیلسیس کے درمیان رہتا ہے۔,154,easy,factual,,,,,,,,,,
629,شنگریلا ریزورٹ میں سیاحوں کے لیے کیا کیا خاص چیزیں ہیں؟,"خوبصورت باغات، لکڑی کے کاٹیج، جھیل کے کنارے ہوائی جہاز ریستوران؛ جھیل میں پہاڑوں کا عکس؛ ہموار سڑک سے آسان رسائی","ریزورٹ میں خوبصورت باغات، لکڑی کے کاٹیج اور جھیل کے کنارے ایک مشہور ہوائی جہاز ریستوران موجود ہے۔ جھیل کا پانی ارد گرد کے پہاڑوں کا عکس پیش کرتا ہے اور یہاں تک پہنچنے کی سڑک ہموار اور گاڑی کے لیے آسانی سے قابل رسائی ہے۔",157,medium,list-recall,,,,,,,,,,
630,اپر کچورا جھیل پر فوٹوگرافی کے لیے کون سا وقت بہترین ہے اور وہاں کھانے پینے کا کیا انتظام ہے؟,صبح سویرے اور غروب آفتاب کے وقت فوٹوگرافی بہترین؛ قریب چھوٹے کیفے اور مقامی کھانے کے اسٹال دستیاب ہیں,صبح سویرے اور غروب آفتاب کے وقت یہاں کا نظارہ فوٹوگرافی کے لیے بہترین ہوتا ہے۔ جھیل کے قریب چھوٹے کیفے اور مقامی کھانے کے اسٹال بھی دستیاب ہیں۔,158,medium,list-recall,,,,,,,,,,
631,اپر کچورا جھیل اسکردو سے کتنی دور ہے اور وہاں کون کون سی سرگرمیاں کی جا سکتی ہیں؟,"تقریباً 30 منٹ؛ کشتی رانی، پیدل سیر، کیمپنگ اور فوٹوگرافی","اپر کچورا جھیل اسکردو شہر سے تقریباً 30 منٹ کی مسافت پر واقع ہے اور یہاں کشتی رانی، پیدل سیر، کیمپنگ اور فوٹوگرافی کی جا سکتی ہے۔",158,medium,list-recall,,,,,,,,,,
632,اسلام آباد سے اسکردو سڑک کے ذریعے کتنا وقت لگتا ہے ؟,13 سے 17 گھنٹے,اسلام آباد یا راولپنڈی سے اسکردو کا سڑک سفر 13 سے 17 گھنٹے تک لگتا ہے۔,156,easy,factual,,,,,,,,,,
633,ستپارہ جھیل کا منظر کیسا ہے اور وہاں کیا کیا کیا جا سکتا ہے؟,"گہرے نیلے پانی اور پہاڑی مناظر، برف پوش چوٹیاں پس منظر میں؛ کشتی رانی اور سیر و سیاحت",جھیل اپنے گہرے نیلے پانی اور پہاڑی مناظر کے لیے مشہور ہے اور برف پوش چوٹیاں اس کے پس منظر میں دکھائی دیتی ہیں۔ یہاں کشتی رانی اور سیر و سیاحت کی جا سکتی ہے۔,159,medium,list-recall,,,,,,,,,,
634,ستپارہ جھیل اسکردو سے کتنی دور ہے؟,تقریباً 9 کلومیٹر,ستپارہ جھیل اسکردو شہر سے تقریباً 9 کلومیٹر کے فاصلے پر واقع ہے اور اس خطے کے لیے پانی کا ایک اہم ذریعہ ہے۔,159,easy,factual,,,,,,,,,,
635,کٹپانہ صحرا میں سیاح کون کون سی سرگرمیاں کر سکتے ہیں اور رہائش کا کیا انتظام ہے؟,"فوٹوگرافی، کیمپنگ، جیپ رائیڈ، غروب آفتاب کے نظارے؛ قریبی کیمپ اور ہوٹل رہائش فراہم کرتے ہیں","سیاح یہاں فوٹوگرافی، کیمپنگ، جیپ رائیڈ اور غروب آفتاب کے نظاروں سے لطف اندوز ہو سکتے ہیں۔ قریبی کیمپ اور ہوٹل سیاحوں کے لیے رہائش فراہم کرتے ہیں۔",160,medium,list-recall,,,,,,,,,,
636,چیری بلاسم دیکھنے کے لیے ہنزہ جانا ہو تو اسلام آباد سے کس طرح پہنچیں اور سفر میں کتنا وقت لگے گا؟,اپریل سے مئی اوائل میں جائیں؛ بس سے 12-16 گھنٹے یا پرواز سے گلگت پھر 2-3 گھنٹے ڈرائیو,"چیری بلاسم کا موسم اپریل سے مئی کے اوائل تک ہے۔ اسلام آباد سے دو طریقے ہیں: بس (فیصل موورز، سکائی ویز یا کوہستان ایکسپریس) سے گلگت یا علی آباد تک 12 سے 16 گھنٹے، پھر مقامی وین یا ٹیکسی سے کریم آباد؛ یا پرواز سے گلگت پھر 2 سے 3 گھنٹے کی ڈرائیو — تاہم پروازیں موسمی حالات کی وجہ سے تاخیر یا منسوخی کا شکار ہو سکتی ہیں۔","138,139",hard,multi-source,,,,,,,,,,
637,گرمیوں میں ہنزہ جانے کا پروگرام بنائیں تو نقل و حمل اور خرچے کے بارے میں کیا جاننا ضروری ہے؟,"جون تا اگست ٹریکنگ کے لیے بہترین لیکن ہوٹل اور نقل و حمل مہنگے؛ بس سستی لیکن 12-16 گھنٹے، پرواز تیز لیکن موسم پر منحصر","گرمیوں میں جون سے اگست تک سیاحت کا عروج ہوتا ہے جو ٹریکنگ اور خاندانی سفر کے لیے موزوں ہے، لیکن اس موسم میں ہوٹل اور نقل و حمل مہنگے ہو سکتے ہیں۔ اسلام آباد سے بس کا سفر 12 سے 16 گھنٹے کا ہے جو نسبتاً سستا آپشن ہے؛ پرواز تیز ہے لیکن موسمی حالات کی وجہ سے تاخیر یا منسوخی ممکن ہے اور گلگت سے ہنزہ تک 2 سے 3 گھنٹے کی ڈرائیو بھی الگ ہے۔","138,139",hard,multi-source,,,,,,,,,,
638,کریم آباد میں ایک ہی دن میں دونوں قلعے دیکھنے ہوں تو ہر ایک تک کیسے پہنچا جا سکتا ہے اور راستے میں کیا فرق ہے؟,بلتت فورٹ تنگ گلیوں سے پیدل یا مختصر ڈرائیو سے؛ الطت فورٹ سڑک سے چند منٹ پھر روایتی گاؤں کے راستے پیدل,بلتت فورٹ کریم آباد میں پہاڑی کی چوٹی پر واقع ہے اور وہاں کریم آباد کی تنگ گلیوں سے پیدل یا قریبی ہوٹلوں سے مختصر ڈرائیو کے ذریعے پہنچا جا سکتا ہے۔ الطت فورٹ کریم آباد سے چند منٹ کے فاصلے پر الطت گاؤں میں واقع ہے — وہاں پہلے سڑک سے جانا ہوتا ہے اور پھر روایتی گاؤں کے راستے سے مختصر پیدل سفر کرنا پڑتا ہے۔,"140,141",hard,multi-source,,,,,,,,,,
639,ہنزہ کے دونوں قلعے تاریخی لحاظ سے کیا پیش کرتے ہیں اور ان کا مقام ایک دوسرے سے کیسے مختلف ہے؟,"بلتت فورٹ 800 سال پرانا، پہاڑی چوٹی پر شاہی تاریخ کی جھلک اور وادی کا نظارہ؛ الطت فورٹ وادی کے نچلے سرے الطت گاؤں میں","بلتت فورٹ کریم آباد میں پہاڑی کی چوٹی پر واقع ہے، 800 سال سے زیادہ پرانا ہے اور خطے کی شاہی تاریخ کی جھلک کے ساتھ ارد گرد کی وادی کا وسیع نظارہ پیش کرتا ہے۔ الطت فورٹ وادی کے نچلے سرے پر الطت گاؤں میں واقع ہے اور کریم آباد سے چند منٹ کے فاصلے پر ہے — یہ روایتی گاؤں کے ماحول میں واقع ہے۔","140,141",hard,multi-source,,,,,,,,,,
640,عطاء آباد جھیل پر کیمپنگ کے لیے سب سے بہتر وقت کون سا ہے اور سامان کہاں سے لیں — جھیل پر یا پہلے سے کریم آباد سے؟,"مئی سے اکتوبر بہترین، جولائی اگست مصروف؛ سامان جھیل پر مقامی دکانداروں سے یا پہلے کریم آباد سے کرائے پر لیں","ہنزہ میں کیمپنگ کے لیے مئی سے اکتوبر کا عرصہ بہترین ہے اور جولائی اگست سب سے مصروف مہینے ہیں۔ کیمپنگ کا سامان دو جگہ سے مل سکتا ہے: کریم آباد میں کرائے پر دستیاب ہے، اور عطاء آباد جھیل کے کنارے بھی مقامی دکانداروں سے کیمپنگ کا سامان اور کشتیاں کرائے پر لی جا سکتی ہیں۔","144,150",hard,multi-source,,,,,,,,,,
641,عطاء آباد جھیل پر کیمپنگ کرتے وقت موبائل سگنل اور رات کے درجہ حرارت کے بارے میں کیا احتیاط ضروری ہے؟,جھیل پر موبائل سگنل کمزور ہے اس لیے پہلے سے نقشے ڈاؤن لوڈ کریں؛ گرمیوں میں بھی راتیں سرد ہو سکتی ہیں اس لیے تہہ بہ تہہ کپڑے ضروری ہیں,عطاء آباد جھیل کے علاقے میں موبائل نیٹ ورک کا سگنل کمزور ہے — اس لیے سفر سے پہلے آف لائن نقشے ڈاؤن لوڈ کرنا مناسب ہے۔ ہنزہ میں گرمیوں میں بھی راتیں سرد ہو سکتی ہیں اس لیے تہہ بہ تہہ کپڑے پہننا ضروری ہے — یہ احتیاط عطاء آباد جھیل جیسے کھلے مقامات پر خاص طور پر اہم ہے۔,"144,150",hard,multi-source,,,,,,,,,,
642,مسگر ویلی اور چپورسان ویلی دونوں جانے کا پروگرام بنائیں تو کریم آباد سے کتنا وقت اور کیا کیا تیاری چاہیے؟,"مسگر 3 گھنٹے، چپورسان 4 گھنٹے؛ دونوں کے لیے فور وہیل ڈرائیو، مسگر میں حکام کو مطلع کریں، چپورسان میں اجازت لیں اور بارش کے بعد سڑک چیک کریں",مسگر ویلی کریم آباد سے تقریباً 3 گھنٹے کی ڈرائیو پر ہے اور چپورسان ویلی تقریباً 4 گھنٹے پر۔ دونوں کے لیے فور وہیل ڈرائیو گاڑی ضروری ہے۔ مسگر میں کیمپنگ سے پہلے مقامی حکام کو مطلع کرنا تجویز کیا جاتا ہے؛ چپورسان میں بعض اوقات مقامی حکام سے باقاعدہ اجازت لینا ضروری ہوتا ہے اور بارش کے بعد سڑک کے حالات بھی جانچنے چاہئیں۔,"147,148",hard,multi-source,,,,,,,,,,
643,مسگر ویلی اور چپورسان ویلی میں سے کون سی جگہ زیادہ دور افتادہ ہے اور دونوں میں سہولیات اور اجازت کے لحاظ سے کیا فرق ہے؟,"مسگر میں کوئی دکان یا موبائل سگنل نہیں — زیادہ دور افتادہ؛ مسگر میں حکام کو مطلع کریں، چپورسان میں کبھی کبھی باقاعدہ اجازت لینی پڑتی ہے","مسگر ویلی زیادہ دور افتادہ ہے کیونکہ وہاں کوئی دکان یا موبائل سگنل نہیں ہے — کیمپنگ سے پہلے مقامی حکام کو مطلع کرنا کافی ہے۔ چپورسان ویلی وخی لوگوں کا گھر ہے اور بلند گاؤں اور اچھوتے مناظر پیش کرتی ہے، لیکن وہاں بعض اوقات مقامی حکام سے باقاعدہ اجازت لینا ضروری ہوتی ہے اور بارش کے بعد سڑک کے حالات بدل سکتے ہیں۔","147,148",hard,multi-source,,,,,,,,,,
644,اسلام آباد سے اسکردو جانے کے لیے پرواز اور بس میں وقت اور سہولت کے لحاظ سے کیا فرق ہے؟,"پرواز تقریباً ایک گھنٹہ لیکن موسمی تاخیر ممکن؛ بس 13-17 گھنٹے لیکن ناران، چلاس اور جگلوٹ میں قدرتی مناظر کا موقع","پرواز سے اسکردو تقریباً ایک گھنٹے میں پہنچا جا سکتا ہے — ایئر بلو اور پی آئی اے نان اسٹاپ سروس چلاتی ہیں اور ایئرپورٹ شہر کے مرکز کے قریب ہے، لیکن موسمی حالات کی وجہ سے تاخیر یا منسوخی ممکن ہے۔ بس سے سفر 13 سے 17 گھنٹے کا ہے جو ہزارہ موٹر وے، بشام، چلاس اور شاہراہ قراقرم سے گزرتا ہے — نیٹکو، فیصل موورز اور کے ٹو موورز یہ سروس چلاتی ہیں اور راستے میں ناران، چلاس اور جگلوٹ میں قدرتی مناظر کا لطف اٹھایا جا سکتا ہے۔","155,156",hard,multi-source,,,,,,,,,,
645,اگر اسکردو جانے کی پرواز موسم کی وجہ سے منسوخ ہو جائے تو سڑک کا کیا متبادل ہے اور اس میں کتنا وقت لگے گا؟,"بس سے جائیں — نیٹکو، فیصل موورز یا کے ٹو موورز؛ 13 سے 17 گھنٹے، راستہ ہزارہ موٹر وے، بشام، چلاس اور شاہراہ قراقرم سے","شمالی علاقوں میں موسمی حالات پرواز منسوخ کر سکتے ہیں اس لیے سفری منصوبوں میں اضافی وقت رکھنا ضروری ہے۔ ایسی صورت میں اسلام آباد یا راولپنڈی سے بس کا متبادل موجود ہے — نیٹکو، فیصل موورز اور کے ٹو موورز اس روٹ پر چلتی ہیں۔ یہ سفر 13 سے 17 گھنٹے کا ہے اور ہزارہ موٹر وے، بشام، چلاس اور شاہراہ قراقرم سے گزرتا ہے۔","155,156",hard,multi-source,,,,,,,,,,
646,"اسکردو کے قریب دونوں جھیلیں دیکھنے کے قابل ہیں، لیکن کھانے پینے اور فوٹوگرافی کے اعتبار سے کون سی جھیل زیادہ بہتر ہے، اور اس کی وجہ کیا ہے؟",اپر کچورا میں قریب کیفے اور کھانے کے اسٹال ہیں اور صبح و غروب فوٹوگرافی بہترین؛ ستپارہ میں یہ سہولیات مذکور نہیں,"دونوں جھیلوں میں کشتی رانی ممکن ہے۔ تاہم اپر کچورا جھیل کے قریب چھوٹے کیفے اور مقامی کھانے کے اسٹال دستیاب ہیں، اور صبح سویرے اور غروب آفتاب کے وقت فوٹوگرافی کے لیے یہ بہترین وقت ہوتا ہے۔ ستپارہ جھیل گہرے نیلے پانی اور برف پوش چوٹیوں کے پس منظر کے لیے مشہور ہے لیکن اس کے پاس کھانے پینے کی سہولیات یا فوٹوگرافی کے مخصوص اوقات کا ذکر نہیں ملتا۔","158,159",hard,multi-source,,,,,,,,,,
647,اسکردو کے ایک ہی دن میں دونوں جھیلیں دیکھنی ہوں تو فاصلے اور سرگرمیوں کے لحاظ سے کون سی پہلے جائیں؟,ستپارہ 9 کلومیٹر قریب — پہلے جائیں؛ اپر کچورا 30 منٹ دور — غروب آفتاب کے وقت جائیں تاکہ فوٹوگرافی کا بہترین موقع ملے,"ستپارہ جھیل اسکردو سے تقریباً 9 کلومیٹر کے فاصلے پر ہے جہاں کشتی رانی اور سیر و سیاحت کی جا سکتی ہے — اسے پہلے دیکھنا مناسب ہے۔ اپر کچورا جھیل 30 منٹ کی مسافت پر ہے جہاں کشتی رانی، پیدل سیر، کیمپنگ اور فوٹوگرافی کی جا سکتی ہے — غروب آفتاب کے وقت یہاں فوٹوگرافی بہترین ہوتی ہے اس لیے اسے دن کے آخر میں رکھیں۔","158,159",hard,multi-source,,,,,,,,,,
648,اسکردو کے قریب دو جھیلوں میں سے کون سی جھیل پانی کے لحاظ سے اہم ہے اور کون سی ریزورٹ اور ریستوران کی سہولت کے ساتھ ملتی ہے؟,ستپارہ خطے کے لیے پانی کا اہم ذریعہ؛ لوئر کچورا کے کنارے شنگریلا ریزورٹ ہے جس میں ہوائی جہاز ریستوران اور لکڑی کے کاٹیج ہیں,"ستپارہ جھیل اسکردو سے تقریباً 9 کلومیٹر دور ہے اور اس خطے کے لیے پانی کا اہم ذریعہ ہے — یہاں گہرے نیلے پانی اور برف پوش چوٹیوں کے نظاروں کے ساتھ کشتی رانی اور سیر و سیاحت ممکن ہے۔ لوئر کچورا جھیل کے قریب شنگریلا ریزورٹ واقع ہے جسے جنت نظیر بھی کہا جاتا ہے — وہاں خوبصورت باغات، لکڑی کے کاٹیج اور جھیل کے کنارے ہوائی جہاز ریستوران موجود ہے۔","157,159",hard,multi-source,,,,,,,,,,
649,اسکردو کے ایک دن کے پروگرام میں شنگریلا ریزورٹ اور ستپارہ جھیل دونوں شامل کرنے ہوں تو فاصلے اور سہولیات کے لحاظ سے ترتیب کیا ہوگی؟,"ستپارہ 9 کلومیٹر قریب، کشتی رانی؛ شنگریلا 20 منٹ ڈرائیو، ہموار سڑک، ریستوران اور باغات — دونوں آسانی سے ایک دن میں ممکن","ستپارہ جھیل اسکردو سے تقریباً 9 کلومیٹر دور ہے جہاں کشتی رانی اور سیر و سیاحت کی جا سکتی ہے — اسے پہلے دیکھنا مناسب ہے۔ شنگریلا ریزورٹ اسکردو سے 20 منٹ کی ڈرائیو پر ہے اور وہاں تک پہنچنے کی سڑک ہموار اور آسانی سے قابل رسائی ہے — باغات، کاٹیج اور ہوائی جہاز ریستوران میں کھانے کے ساتھ دن ختم کیا جا سکتا ہے۔","157,159",hard,multi-source,,,,,,,,,,
650,اسکردو میں مختلف بجٹ کے مسافروں کے لیے کون کون سے ہوٹل موزوں ہیں؟,"لگژری: سرینا شگر فورٹ، شنگریلا ریزورٹ؛ مڈ رینج: اواری ایکسپریس، ہوٹل ریگو؛ بجٹ: نارتھ لینڈرز گیسٹ ہاؤس",لگژری مسافروں کے لیے سرینا شگر فورٹ اور شنگریلا ریزورٹ ہوٹل موزوں ہیں۔ درمیانے بجٹ کے لیے اواری ایکسپریس اور ہوٹل ریگو اچھے آپشن ہیں۔ بجٹ مسافروں اور بیک پیکرز کے لیے نارتھ لینڈرز گیسٹ ہاؤس تجویز کیا جاتا ہے۔,161,medium,list-recall,,,,,,,,,,
651,کٹپانہ صحرا کی خاص بات کیا ہے جو اسے دوسرے صحراؤں سے مختلف بناتی ہے؟,برف پوش پہاڑوں کے درمیان سفید ریتلے ٹیلے — سرد صحرا؛ سردیوں میں برف سے ڈھک جاتا ہے,کٹپانہ صحرا میں برف پوش پہاڑوں کے درمیان سفید ریتلے ٹیلے ایک انوکھا منظر بناتے ہیں۔ سردیوں میں برف صحرا کو مکمل طور پر ڈھک لیتی ہے جو اسے ایک منفرد سرد صحرائی تجربہ بناتا ہے۔,160,easy,factual,,,,,,,,,,
652,ٹاٹو گاؤں سے فیری میڈوز کتنا فاصلہ ہے اور وہاں کیسے جا سکتے ہیں؟,تقریباً 5 کلومیٹر؛ پیدل یا کرائے کے گھوڑے پر,ٹاٹو گاؤں سے فیری میڈوز تقریباً 3.1 میل یعنی 5 کلومیٹر دور ہے اور وہاں پیدل یا کرائے کے گھوڑے پر جایا جا سکتا ہے۔,162,medium,list-recall,,,,,,,,,,
653,فیری میڈوز تک مرحلہ وار سفر میں کون کون سے مراحل اور ذرائع نقل و حمل شامل ہیں؟,"اسلام آباد سے گلگت پرواز، گلگت سے رائیکوٹ برج ٹیکسی (2 گھنٹے)، رائیکوٹ برج سے ٹاٹو گاؤں جیپ، ٹاٹو سے فیری میڈوز 5 کلومیٹر پیدل یا گھوڑے پر","فیری میڈوز تک چار مراحل ہیں: پہلے اسلام آباد سے پرواز سے گلگت پہنچیں، پھر گلگت سے ٹیکسی پر تقریباً 2 گھنٹے میں رائیکوٹ برج، وہاں سے جیپ کے ذریعے ٹاٹو گاؤں جہاں جیپ ٹریک ختم ہوتا ہے، اور آخر میں ٹاٹو سے تقریباً 5 کلومیٹر پیدل یا کرائے کے گھوڑے پر فیری میڈوز۔",162,medium,list-recall,,,,,,,,,,
654,رائیکوٹ برج سے ٹاٹو گاؤں تک جیپ ٹریک کتنا لمبا ہے اور اس پر گاڑی کون چلاتا ہے؟,تقریباً 15 کلومیٹر؛ صرف مقامی ڈرائیور جو سیاحوں کو ایک جیپ لوڈ کے حساب سے لے جاتے ہیں,رائیکوٹ برج سے ٹاٹو گاؤں تک جیپ ٹریک تقریباً 15 کلومیٹر لمبا ہے اور یہ سڑک صرف مقامی ڈرائیوروں کے لیے مخصوص ہے جو سیاحوں کو ایک جیپ لوڈ کے حساب سے لے جاتے ہیں۔,163,medium,list-recall,,,,,,,,,,
655,ٹاٹو گاؤں میں رکنے پر کیا سہولیات ملتی ہیں اور جیپ ٹریک کا راستہ کیسا ہے؟,ٹاٹو میں چائے خانہ ہے جہاں کھانا پینا اور واش روم دستیاب ہے؛ کچی سڑک پر ایک طرف چٹانی دیوار اور دوسری طرف کھائی,ٹاٹو گاؤں میں ایک چائے خانہ موجود ہے جہاں کھانا پینا اور واش روم کی سہولت دستیاب ہے۔ جیپ ٹریک کی کچی سڑک کے ایک طرف چٹانی دیوار اور دوسری طرف کھائی ہے جو اسے ایک مشکل لیکن یادگار راستہ بناتی ہے۔,163,medium,list-recall,,,,,,,,,,
656,فیری میڈوز میں رہنے کے لیے کیا آپشن ہے اور وہاں سے کون سا خاص نظارہ ملتا ہے؟,"گیسٹ ہاؤسز دستیاب ہیں، فیری میڈوز گرین لینڈ ریزورٹ قابل ذکر ہے؛ غروب آفتاب کے وقت نانگا پربت کا بہترین نظارہ",فیری میڈوز میں گیسٹ ہاؤسز اور دکانیں دستیاب ہیں اور فیری میڈوز گرین لینڈ ریزورٹ ایک قابل ذکر قیام گاہ ہے۔ غروب آفتاب کے وقت نانگا پربت کی چوٹی کا نظارہ یہاں سے بہترین ہوتا ہے۔,164,medium,list-recall,,,,,,,,,,
657,فیری میڈوز مختلف قسم کے سیاحوں کے لیے کیوں کشش رکھتا ہے؟,کوہ پیماؤں کے لیے نانگا پربت کے شمالی رخ کی روانگی کا نقطہ؛ عام سیاحوں کے لیے غروب آفتاب کا نظارہ؛ مقامی سیاحوں میں گرمیوں میں شہری گرمی سے بچنے کے لیے مقبول,فیری میڈوز کوہ پیماؤں کے لیے نانگا پربت کے شمالی رخ سر کرنے کی روانگی کا نقطہ ہے۔ عام سیاحوں کے لیے غروب آفتاب کے وقت نانگا پربت کا بہترین نظارہ یہاں سے ملتا ہے۔ اس کے علاوہ یہ مقام گرمیوں میں شہروں کی گرمی سے بچنے کے لیے مقامی سیاحوں میں بھی مقبول ہے۔,164,medium,list-recall,,,,,,,,,,
658,اسکردو میں تاریخی ماحول میں قیام کے لیے کون سا ہوٹل بہترین ہے؟,سرینا شگر فورٹ — 17ویں صدی کا بحال شدہ لگژری ہیریٹیج ہوٹل,سرینا شگر فورٹ 17ویں صدی کا بحال شدہ لگژری ہیریٹیج ہوٹل ہے جو شاہی طرز کے کمرے اور تاریخی ماحول پیش کرتا ہے۔,161,easy,factual,,,,,,,,,,
659,فیری میڈوز سے نانگا پربت بیس کیمپ کتنا دور ہے اور ٹریک کا معیار کیسا ہے؟,تقریباً 16 کلومیٹر؛ مشکل درجے کا ٹریک,فیری میڈوز سے نانگا پربت بیس کیمپ تک ٹریک کا کل فاصلہ تقریباً 10.2 میل یعنی 16 کلومیٹر ہے اور اسے مشکل درجے کا ٹریک سمجھا جاتا ہے۔,165,medium,list-recall,,,,,,,,,,
660,نانگا پربت بیس کیمپ ٹریک پر راستے میں کیا کیا ملتا ہے اور بیس کیمپ پر کیا سہولت دستیاب ہے؟,"راستے میں لکڑی کے گھروں والا گاؤں، گیسٹ ہاؤس، چائے خانہ اور مورین فیلڈ؛ بیس کیمپ پر پتھر کا چائے خانہ جو ہمیشہ کھلا نہیں ہوتا","راستے میں لکڑی کے گھروں اور سبزیوں کے باغات والا ایک گاؤں آتا ہے جہاں ایک چھوٹا گیسٹ ہاؤس اور چائے خانہ موجود ہے، اور ایک مورین فیلڈ بھی عبور کرنا پڑتا ہے۔ بیس کیمپ پر ایک پتھر کا چائے خانہ موجود ہے تاہم یہ ہمیشہ کھلا نہیں ہوتا — اس لیے اپنا کھانا پینا ساتھ رکھنا بہتر ہے۔",165,medium,list-recall,,,,,,,,,,
661, گلگت سے رائیکوٹ برج تک پہنچنے میں کتنا وقت لگتا ہے؟,"ٹیکسی سے تقریباً 2 گھنٹے، شاہراہ قراقرم پر",گلگت سے رائیکوٹ برج تک ٹیکسی کے ذریعے شاہراہ قراقرم پر تقریباً 2 گھنٹے لگتے ہیں۔,162,easy,factual,,,,,,,,,,
662,فیری میڈوز میں کیمپنگ کے لیے سب سے بہتر مہینے کون سے ہیں اور اس وقت درجہ حرارت کتنا رہتا ہے؟,جون وسط سے اگست؛ دن کا درجہ حرارت 15 سے 20 ڈگری اور رات کیمپنگ کے لیے موزوں,گرمی کا موسم جون وسط سے اگست تک عروج کا موسم ہے جس میں دن کا درجہ حرارت 15 سے 20 ڈگری سیلسیس رہتا ہے اور رات کیمپنگ کے لیے موزوں ہوتی ہے۔,166,medium,list-recall,,,,,,,,,,
663,فیری میڈوز کے مختلف موسموں میں درجہ حرارت اور مناظر میں کیا فرق ہے؟,بہار 5-15 ڈگری جنگلی پھول؛ گرمی 15-20 ڈگری کیمپنگ موزوں؛ خزاں 10-15 ڈگری سنہری مناظر؛ سردیوں میں بھاری برف اور مشکل رسائی,بہار (اپریل تا جون اوائل) میں جنگلی پھول کھلتے ہیں اور درجہ حرارت 5 سے 15 ڈگری رہتا ہے۔ گرمی (جون وسط تا اگست) میں 15 سے 20 ڈگری درجہ حرارت اور راتیں کیمپنگ کے لیے موزوں ہوتی ہیں۔ خزاں (ستمبر تا اکتوبر) میں مناظر سنہری اور نارنجی ہو جاتے ہیں اور درجہ حرارت 10 سے 15 ڈگری رہتا ہے۔ سردیوں میں بھاری برف باری سے علاقہ مشکل سے قابل رسائی ہوتا ہے۔,166,medium,list-recall,,,,,,,,,,
664,ٹاٹو گاؤں سے فیری میڈوز پیدل جانے میں کتنا وقت لگتا ہے اور راستہ کیسا ہے؟,3 سے 4 گھنٹے؛ بجری اور کچی مٹی کا راستہ,ٹاٹو گاؤں سے فیری میڈوز تک ٹریک تقریباً 5 کلومیٹر کا ہے جسے مکمل کرنے میں 3 سے 4 گھنٹے لگتے ہیں اور راستہ بجری اور کچی مٹی کا ہے۔,167,medium,list-recall,,,,,,,,,,
665,رائیکوٹ برج سے ٹاٹو تک جیپ ٹریک کیوں خاص ہے اور اس پر کون گاڑی چلاتا ہے؟,دنیا کی دوسری خطرناک ترین سڑک سمجھا جاتا ہے؛ صرف مقامی ماہر ڈرائیور یہ سفر کرتے ہیں,رائیکوٹ برج سے ٹاٹو گاؤں تک کا جیپ ٹریک دنیا کی دوسری خطرناک ترین سڑک سمجھا جاتا ہے اور صرف مقامی ماہر ڈرائیور ہی یہ سفر کرتے ہیں۔,167,medium,list-recall,,,,,,,,,,
666,گلگت سے فیری میڈوز تک سفر میں رائیکوٹ برج کے بعد کتنا پیدل اور کتنا جیپ سے چلنا پڑتا ہے؟,"رائیکوٹ برج سے ٹاٹو تک 15 کلومیٹر جیپ سے، پھر ٹاٹو سے فیری میڈوز 5 کلومیٹر پیدل یا گھوڑے پر",گلگت سے ٹیکسی پر تقریباً 2 گھنٹے میں رائیکوٹ برج پہنچتے ہیں۔ وہاں سے مقامی ڈرائیور کی جیپ میں 15 کلومیٹر کا ٹریک کر کے ٹاٹو گاؤں پہنچتے ہیں جہاں جیپ ٹریک ختم ہوتا ہے۔ ٹاٹو سے فیری میڈوز تقریباً 5 کلومیٹر پیدل یا کرائے کے گھوڑے پر جایا جا سکتا ہے۔,"162,163",hard,multi-source,,,,,,,,,,
667,ٹاٹو گاؤں پہنچنے سے پہلے جیپ ٹریک کیسا ہے اور وہاں پہنچ کر کھانے پینے کا کیا انتظام ہے؟,رائیکوٹ برج سے 15 کلومیٹر کچی سڑک جس کے ایک طرف چٹانی دیوار اور دوسری طرف کھائی ہے؛ ٹاٹو میں چائے خانہ کھانا اور واش روم کی سہولت دیتا ہے,رائیکوٹ برج سے ٹاٹو گاؤں تک 15 کلومیٹر کی کچی سڑک ہے جس کے ایک طرف چٹانی دیوار اور دوسری طرف کھائی ہے — یہ سفر صرف مقامی ماہر ڈرائیور کرتے ہیں۔ ٹاٹو گاؤں پہنچ کر وہاں موجود چائے خانے میں کھانا پینا اور واش روم کی سہولت دستیاب ہے — یہ فیری میڈوز کی طرف پیدل سفر شروع کرنے سے پہلے آخری پڑاؤ ہے۔,"162,163",hard,multi-source,,,,,,,,,,
668,رائیکوٹ برج سے فیری میڈوز تک کا پورا سفر کتنے مراحل میں اور کن ذرائع سے طے ہوتا ہے؟,"رائیکوٹ برج سے ٹاٹو 15 کلومیٹر جیپ (دنیا کی دوسری خطرناک ترین سڑک، مقامی ڈرائیور)؛ ٹاٹو سے فیری میڈوز 5 کلومیٹر پیدل 3-4 گھنٹے یا گھوڑے/پورٹر پر",رائیکوٹ برج سے پہلے 15 کلومیٹر کا جیپ ٹریک ہے جو دنیا کی دوسری خطرناک ترین سڑک سمجھی جاتی ہے — کچی سڑک کے ایک طرف چٹانی دیوار اور دوسری طرف کھائی ہے اور صرف مقامی ماہر ڈرائیور ہی یہ سفر کرتے ہیں۔ ٹاٹو گاؤں پہنچنے کے بعد فیری میڈوز تک 5 کلومیٹر بجری اور کچی مٹی کا راستہ ہے جو پیدل 3 سے 4 گھنٹے میں یا گھوڑے یا پورٹر کے ذریعے طے کیا جا سکتا ہے۔,"163,167",hard,multi-source,,,,,,,,,,
669,ٹاٹو گاؤں میں رک کر کیا سہولت ملتی ہے اور وہاں سے آگے فیری میڈوز تک کے ٹریک کے لیے کیا آپشن ہیں؟,"ٹاٹو میں چائے خانہ — کھانا اور واش روم؛ آگے 5 کلومیٹر پیدل (3-4 گھنٹے بجری پر)، گھوڑے یا پورٹر بھی دستیاب",ٹاٹو گاؤں میں ایک چائے خانہ موجود ہے جہاں کھانا پینا اور واش روم کی سہولت دستیاب ہے — یہ جیپ ٹریک کا آخری پڑاؤ ہے۔ یہاں سے فیری میڈوز تک 5 کلومیٹر کا بجری اور کچی مٹی کا راستہ ہے جو پیدل 3 سے 4 گھنٹے میں طے ہوتا ہے؛ جو لوگ پیدل نہیں چلنا چاہتے ان کے لیے گھوڑے اور پورٹر بھی دستیاب ہیں۔,"163,167",hard,multi-source,,,,,,,,,,
670,فیری میڈوز میں غروب آفتاب کا نظارہ دیکھنے کے لیے سب سے بہتر موسم کون سا ہے اور اس وقت درجہ حرارت کتنا رہتا ہے؟,گرمی (جون وسط تا اگست) عروج کا موسم؛ دن کا درجہ حرارت 15 سے 20 ڈگری — غروب آفتاب کا نظارہ فیری میڈوز سے بہترین ہوتا ہے,فیری میڈوز سے غروب آفتاب کے وقت نانگا پربت کی چوٹی کا نظارہ بہترین ہوتا ہے۔ اس تجربے کے لیے گرمی کا موسم (جون وسط سے اگست) سب سے موزوں ہے جب دن کا درجہ حرارت 15 سے 20 ڈگری سیلسیس رہتا ہے اور راتیں کیمپنگ کے لیے بھی موزوں ہوتی ہیں — تاہم جولائی اور اگست میں مون سون کی وجہ سے لینڈ سلائیڈ اور سڑک بندش کا خطرہ بھی رہتا ہے۔,"164,166",hard,multi-source,,,,,,,,,,
671,مقامی سیاح گرمیوں میں فیری میڈوز کیوں جاتے ہیں اور اس موسم میں وہاں کیا خطرہ بھی ہو سکتا ہے؟,شہروں کی گرمی سے بچنے کے لیے؛ جولائی اگست میں مون سون سے لینڈ سلائیڈ اور سڑک بندش کا خطرہ,فیری میڈوز گرمیوں میں شہروں کی گرمی سے بچنے کے لیے مقامی سیاحوں میں مقبول ہے کیونکہ یہاں دن کا درجہ حرارت صرف 15 سے 20 ڈگری سیلسیس رہتا ہے۔ تاہم جولائی اور اگست میں مون سون کی وجہ سے لینڈ سلائیڈ اور سڑک بندش کا خطرہ ہوتا ہے جس سے سفر متاثر ہو سکتا ہے۔,"164,166",hard,multi-source,,,,,,,,,,
672,نانگا پربت کتنا بلند ہے اور اس کے بیس کیمپ تک پہنچنے کا ٹریک کتنا مشکل اور لمبا ہے؟,"8126 میٹر بلند، دنیا کا نواں بلند ترین؛ بیس کیمپ ٹریک 16 کلومیٹر، مشکل درجے کا","نانگا پربت 8126 میٹر کی بلندی پر دنیا کا نواں بلند ترین پہاڑ ہے اور 14 آٹھ ہزاری پہاڑوں میں شامل ہے۔ اس کے بیس کیمپ تک فیری میڈوز سے تقریباً 16 کلومیٹر کا ٹریک ہے جسے مشکل درجے کا سمجھا جاتا ہے — راستے میں ایک گاؤں، گیسٹ ہاؤس، چائے خانہ اور مورین فیلڈ بھی عبور کرنا پڑتا ہے۔","165,69",hard,multi-source,,,,,,,,,,
673,اگر کوئی نانگا پربت بیس کیمپ نہ جا سکے تو فیری میڈوز سے کتنی دور متبادل کیمپنگ مقام ہے اور نانگا پربت کی عالمی اہمیت کیا ہے؟,"بیال کیمپ 2-3 گھنٹے پیدل فیری میڈوز سے؛ نانگا پربت دنیا کا نواں بلند ترین پہاڑ، 8126 میٹر، ہمالیہ کا مغربی کنارہ","جو لوگ بیس کیمپ تک 16 کلومیٹر کا مشکل ٹریک نہیں کر سکتے ان کے لیے بیال کیمپ ایک متبادل ہے جو فیری میڈوز سے صرف 2 سے 3 گھنٹے کی پیدل سفر پر ہے۔ نانگا پربت 8126 میٹر کی بلندی پر دنیا کا نواں بلند ترین پہاڑ ہے، ہمالیہ کا مغربی کنارہ سمجھا جاتا ہے اور دنیا کے 14 آٹھ ہزاری پہاڑوں میں شامل ہے۔","165,69",hard,multi-source,,,,,,,,,,
674,سردیوں میں فیری میڈوز جانا کیوں مشکل ہے اور اس موسم میں رائیکوٹ برج سے ٹاٹو تک جیپ کا سفر ممکن ہوتا ہے؟,سردیوں میں بھاری برف باری سے علاقہ مشکل سے قابل رسائی ہوتا ہے؛ رائیکوٹ برج سے ٹاٹو تک جیپ ٹریک کچی سڑک پر ہے جو برف میں ناقابل رسائی ہو سکتی ہے,فیری میڈوز کے لیے نومبر سے مارچ کا موسم ناموزوں ہے کیونکہ بھاری برف باری سے علاقہ مشکل سے قابل رسائی ہوتا ہے۔ رائیکوٹ برج سے ٹاٹو تک کا جیپ ٹریک پہلے ہی کچی سڑک پر ہے جس کے ایک طرف چٹانی دیوار اور دوسری طرف کھائی ہے — سردیوں میں برف پڑنے سے یہ راستہ مزید خطرناک ہو جاتا ہے۔ اسی لیے اپریل سے ستمبر کا عرصہ سفر کے لیے بہترین ہے۔,"162,166",hard,multi-source,,,,,,,,,,
675,جولائی میں فیری میڈوز جانے کا پروگرام بنائیں تو راستے میں کیا خطرہ ہے اور ٹاٹو تک پہنچنے کے بعد آگے کا سفر کیسے ہوگا؟,جولائی میں مون سون سے لینڈ سلائیڈ اور سڑک بندش کا خطرہ؛ ٹاٹو سے 5 کلومیٹر پیدل یا گھوڑے پر فیری میڈوز,جولائی میں مون سون کی وجہ سے لینڈ سلائیڈ اور سڑک بندش کا خطرہ ہوتا ہے جو گلگت سے رائیکوٹ برج تک ٹیکسی کے سفر اور رائیکوٹ برج سے ٹاٹو تک جیپ ٹریک کو متاثر کر سکتا ہے۔ اگر ٹاٹو پہنچ جائیں تو وہاں سے فیری میڈوز تقریباً 5 کلومیٹر پیدل یا کرائے کے گھوڑے پر جایا جا سکتا ہے۔,"162,166",hard,multi-source,,,,,,,,,,
676,بیس کیمپ کے علاوہ فیری میڈوز کے قریب کیمپنگ کا کوئی اور آپشن ہے؟,بیال کیمپ فیری میڈوز سے 2 سے 3 گھنٹے کی پیدل سفر پر متبادل کیمپنگ مقام ہے,فیری میڈوز سے 2 سے 3 گھنٹے کی پیدل سفر پر بیال کیمپ ایک متبادل کیمپنگ مقام ہے۔,165,easy,factual,,,,,,,,,,
677,فیری میڈوز میں مون سون کے دوران کیا خطرہ ہوتا ہے؟,مون سون کی وجہ سے لینڈ سلائیڈ اور سڑک بندش کا خطرہ,جولائی اور اگست میں مون سون کی وجہ سے لینڈ سلائیڈ اور سڑک بندش کا خطرہ ہوتا ہے۔,166,easy,factual,,,,,,,,,,
678,ٹاٹو سے فیری میڈوز جانے کے لیے کون کون سے آپشن ہیں اور پیدل راستہ کیسا ہے؟,پیدل 3-4 گھنٹے بجری اور کچی مٹی پر؛ گھوڑے اور پورٹر بھی دستیاب ہیں,ٹاٹو سے فیری میڈوز تک تین آپشن ہیں: پیدل چلیں جس میں 3 سے 4 گھنٹے لگتے ہیں اور راستہ بجری اور کچی مٹی کا ہے؛ یا گھوڑے پر سوار ہوں؛ یا پورٹر کی خدمات لیں۔,167,medium,list-recall,,,,,,,,,,
679,گلگت بلتستان کے سفر میں مردوں اور خواتین دونوں کے لیے کون سے لباس تجویز کیے جاتے ہیں؟,"مردوں کے لیے شلوار قمیض یا لمبی آستین والی قمیض اور پتلون، خواتین کے لیے سادہ ڈھیلا لباس",گلگت بلتستان میں مردوں کے لیے شلوار قمیض یا لمبی آستین والی قمیض اور پتلون جبکہ خواتین کے لیے سادہ اور ڈھیلا لباس جیسے لمبا کرتا اور پتلون موزوں سمجھے جاتے ہیں۔,168,medium,list-recall,,,,,,,,,,
680,گلگت بلتستان میں خواتین سیاحوں کے لیے کون سا لباس مناسب ہے؟,سادہ اور ڈھیلا لباس جیسے لمبا کرتا اور پتلون,"گلگت بلتستان کے سفر میں خواتین کے لیے سادہ اور ڈھیلا لباس، جیسے لمبا کرتا اور پتلون، موزوں سمجھا جاتا ہے۔",168,easy,factual,,,,,,,,,,
681,گلگت بلتستان میں مذہبی مقامات پر جاتے وقت کیا احتیاط کرنی چاہیے؟,سر ڈھانپنا ضروری ہے,"مذہبی مقامات اور بعض دیہاتوں میں سر ڈھانپنا مقامی ثقافت اور روایات کا حصہ سمجھا جاتا ہے، اس لیے ایسے مقامات پر جاتے وقت سر ڈھانپنا مناسب ہے۔",168,easy,factual,,,,,,,,,,
682,گلگت بلتستان جانے سے پہلے پرمٹ کی ضرورت ہے اور تازہ معلومات کہاں سے ملیں گی؟,"زیادہ تر مقامات کے لیے پرمٹ نہیں، تازہ معلومات متعلقہ حکام یا معتبر سفری ذرائع سے لیں","گلگت بلتستان کے بیشتر سیاحتی مقامات کے لیے پرمٹ یا این او سی درکار نہیں، تاہم ضوابط بدل سکتے ہیں اس لیے سفر سے قبل متعلقہ حکام یا معتبر سفری ذرائع سے تازہ ترین معلومات حاصل کرنا مفید ہے۔",169,medium,list-recall,,,,,,,,,,
683,اسلام آباد سے گلگت پرواز میں کتنا وقت لگتا ہے؟,تقریباً پچاس منٹ,پاکستان انٹرنیشنل ایئر لائنز کی اسلام آباد سے گلگت پرواز تقریباً پچاس منٹ میں منزل تک پہنچاتی ہے۔,170,easy,factual,,,,,,,,,,
684,گلگت کی پرواز خوبصورت کیوں مانی جاتی ہے اور موسم کا اس پر کیا اثر پڑتا ہے؟,"نانگا پربت کے اوپر سے گزرتی ہے، لیکن موسمی حالات پر منحصر ہے اور سردیوں میں تاخیر ہو سکتی ہے","یہ پرواز دنیا کی خوبصورت ترین پروازوں میں شمار ہوتی ہے کیونکہ اس کا راستہ نانگا پربت کے اوپر سے گزرتا ہے اور اس چوٹی کی بلندی طیارے کی اونچائی سے بھی زیادہ ہے، تاہم تمام پروازیں موسمی حالات پر منحصر ہیں اور سردیوں میں کئی دن کی تاخیر معمول بن سکتی ہے۔",170,medium,list-recall,,,,,,,,,,
685,گلگت بلتستان میں ماہی گیری کا پرمٹ کہاں سے اور کن جھیلوں کے لیے ملتا ہے؟,ستپارہ اور کچورا جھیلوں کے لیے گلگت اور سکردو کے محکمہ ماہی پروری سے,ستپارہ اور کچورا جھیلوں میں ماہی گیری کے لیے پرمٹ گلگت اور سکردو کے محکمہ ماہی پروری سے حاصل کیے جا سکتے ہیں۔,171,medium,list-recall,,,,,,,,,,
686,سردیوں میں گلگت کی پرواز میں تاخیر ہو جائے تو کیا کرنا چاہیے؟,سڑک کا سفر اختیار کریں,"سردیوں میں موسمی حالات کی وجہ سے پرواز کئی دن تاخیر کا شکار ہو سکتی ہے، ایسی صورت میں سڑک کا سفر زیادہ قابل اعتماد متبادل ثابت ہو سکتا ہے۔",170,easy,factual,,,,,,,,,,
687,گلگت بلتستان میں کوہ پیمائی اور ماہی گیری کے پرمٹ کہاں کہاں سے حاصل کیے جا سکتے ہیں؟,"کوہ پیمائی کا پرمٹ وزارت سیاحت اسلام آباد سے، ماہی گیری کا پرمٹ محکمہ ماہی پروری گلگت یا سکردو سے","کوہ پیمائی اور ٹریکنگ کے پرمٹ وزارت سیاحت، حکومت پاکستان، اسلام آباد سے ملتے ہیں جبکہ ستپارہ اور کچورا جھیلوں میں ماہی گیری کے پرمٹ گلگت اور سکردو کے محکمہ ماہی پروری سے حاصل کیے جا سکتے ہیں۔",171,medium,list-recall,,,,,,,,,,
688,گلگت بلتستان میں جون سے اکتوبر کے دوران کون کون سے پھل دستیاب ہوتے ہیں؟,"سیب، خوبانی، آڑو، بیر، توت، اخروٹ اور انگور","گلگت بلتستان میں جون سے اکتوبر کے دوران سیب، خوبانی، آڑو، بیر، توت، اخروٹ اور انگور دستیاب ہوتے ہیں۔",172,medium,list-recall,,,,,,,,,,
689,گلگت بلتستان میں کوہ پیمائی کا پرمٹ کہاں سے ملتا ہے؟,"وزارت سیاحت، حکومت پاکستان، اسلام آباد","کوہ پیمائی اور ٹریکنگ کے لیے درکار پرمٹ وزارت سیاحت، حکومت پاکستان، اسلام آباد سے حاصل کیے جا سکتے ہیں۔",171,easy,factual,,,,,,,,,,
690,شندور پولو فیسٹیول کس علاقے کا ثقافتی ایونٹ ہے؟,گلگت بلتستان,شندور پولو فیسٹیول گلگت بلتستان کا ایک اہم ثقافتی ایونٹ ہے۔,172,easy,factual,,,,,,,,,,
691,بالے کس چیز سے تیار کیا جاتا ہے؟,"بکری کے گوشت کے شوربے، موٹے نوڈلز اور گوشت کے چھوٹے ٹکڑوں سے",بالے بلتستان کا روایتی گاڑھا سوپ ہے جو بکری کے گوشت کے شوربے سے تیار کیا جاتا ہے اور اس میں موٹے نوڈلز اور گوشت کے چھوٹے ٹکڑے شامل ہوتے ہیں۔,173,medium,list-recall,,,,,,,,,,
692,سرد پہاڑی موسم میں بالے کیوں مقبول ہے؟,یہ عام شوربوں سے زیادہ گاڑھا اور بھرپور ہے اور توانائی بخش پکوان سمجھا جاتا ہے,بالے عام شوربوں کی نسبت زیادہ گاڑھا اور بھرپور ہوتا ہے اس لیے سرد پہاڑی موسم میں یہ ایک مقبول اور توانائی بخش پکوان سمجھا جاتا ہے۔,173,easy,factual,,,,,,,,,,
693,پراپو کا ذائقہ کن چیزوں سے بڑھایا جاتا ہے اور اس میں کون سی جڑی بوٹی شامل ہوتی ہے؟,"مقامی پہاڑی جڑی بوٹیوں سے، جن میں میتھی کے بیج شامل ہیں",پراپو کا ذائقہ مقامی پہاڑی جڑی بوٹیوں سے بڑھایا جاتا ہے جن میں میتھی کے بیج بھی شامل ہیں۔,174,medium,list-recall,,,,,,,,,,
694,مرزان کس موقع پر بنایا جاتا ہے اور اسے کیسے پیش کیا جاتا ہے؟,"خاص مواقع پر، گاڑھے خشک آٹے کی شکل میں خوبانی کے تیل کے ساتھ",مرزان خاص مواقع پر تیار کیا جاتا ہے اور اسے گاڑھے اور قدرے خشک آٹے کی شکل میں پیش کیا جاتا ہے جس پر خالص خوبانی کا تیل ڈالا جاتا ہے۔,175,medium,list-recall,,,,,,,,,,
695,بلتی مکھن چائے کن اجزاء سے بنتی ہے؟,"نمک، مکھن، دودھ اور سبز چائے کے پتوں سے","بلتی مکھن چائے نمک، مکھن، دودھ اور سبز چائے کے پتوں سے تیار کی جاتی ہے۔",176,medium,list-recall,,,,,,,,,,
696,پراپو میں نوڈلز پر کون سا آمیزہ ڈالا جاتا ہے؟,پسے ہوئے اخروٹ اور خوبانی کے تیل سے تیار کردہ گاڑھا آمیزہ,پراپو میں گندم کے آٹے سے بنے نوڈلز پر پسے ہوئے اخروٹ اور خوبانی کے تیل سے تیار کیا گیا گاڑھا آمیزہ ڈالا جاتا ہے۔,174,easy,factual,,,,,,,,,,
697,بلتی مکھن چائے کے ساتھ کیا پیش کیا جاتا ہے اور اسے چائے میں کیسے استعمال کیا جاتا ہے؟,"پسے ہوئے تازہ گندم کے آٹے اور خوبانی کے تیل کے ساتھ پیش کی جاتی ہے، ذائقے کے مطابق چائے میں ملایا جا سکتا ہے","بلتی مکھن چائے پسے ہوئے تازہ گندم کے آٹے اور خوبانی کے تیل کے ساتھ پیش کی جاتی ہے جنہیں ذائقے کے مطابق چائے میں ملایا جا سکتا ہے، جس سے چائے زیادہ گاڑھی اور بھرپور ہو جاتی ہے۔",176,medium,list-recall,,,,,,,,,,
698,مرزان کی تیاری میں گندم کے دانوں کو کتنے عرصے تک بھگویا جاتا ہے؟,تقریباً دو ہفتے,مرزان کی تیاری کے لیے گندم کے دانوں کو پانی میں بھگو کر تقریباً دو ہفتوں بعد پیسا جاتا ہے جس سے آٹے میں ہلکی مٹھاس پیدا ہو جاتی ہے۔,175,easy,factual,,,,,,,,,,
699,دیوسائی نیشنل پارک کن کن راستوں سے پہنچا جا سکتا ہے؟,"سکردو، ضلع آستور، ضلع سکردو کی تحصیل گلتری اور آستور وادی سے چلیم کے راستے","دیوسائی نیشنل پارک تک سکردو شہر سے، مغرب میں ضلع آستور سے، جنوب مشرق میں ضلع سکردو کی تحصیل گلتری سے اور آستور وادی سے چلیم کے راستے پہنچا جا سکتا ہے۔",177,medium,list-recall,,,,,,,,,,
700,نالتر ویلی کی بلندی کتنی ہے اور وہاں پہنچنے میں کتنا وقت لگتا ہے؟,"بلندی تقریباً 2900 سے 3000 میٹر، پہنچنے میں ایک سے دو گھنٹے",نالتر ویلی کی بلندی تقریباً 2900 سے 3000 میٹر کے درمیان ہے اور سڑک کے حالات کے مطابق یہاں پہنچنے میں عموماً ایک سے دو گھنٹے لگتے ہیں۔,178,medium,list-recall,,,,,,,,,,
701,سکردو سے دیوسائی نیشنل پارک کتنی دور ہے؟,تقریباً 30 کلومیٹر,سکردو شہر سے دیوسائی نیشنل پارک تقریباً 30 کلومیٹر دور ہے اور یہ سب سے مختصر راستہ ہے۔,177,easy,factual,,,,,,,,,,
702,نالتر کی بشکری جھیل سسٹم میں کتنی جھیلیں ہیں اور یہ نالتر بالا سے کتنی دور ہیں؟,"5 سے 6 الپائن جھیلیں، نالتر بالا سے تقریباً 12 سے 13 کلومیٹر دور",بشکری جھیل سسٹم میں 5 سے 6 الپائن جھیلیں شامل ہیں اور یہ نالتر بالا سے تقریباً 12 سے 13 کلومیٹر دور واقع ہیں۔,179,medium,list-recall,,,,,,,,,,
703,گلگت سے نالتر ویلی کتنی دور ہے؟,تقریباً 34 سے 40 کلومیٹر,نالتر ویلی گلگت شہر سے تقریباً 34 سے 40 کلومیٹر کے فاصلے پر واقع ہے۔,178,easy,factual,,,,,,,,,,
704,نالتر میں جھیلوں کی سیر اور سکیئنگ کے لیے بہترین موسم کون سا ہے؟,"جھیلوں کے لیے مئی سے ستمبر، سکیئنگ کے لیے دسمبر سے مارچ",نالتر میں جھیلوں کی سیر اور ٹریکنگ کے لیے مئی سے ستمبر کا موسم موزوں ہے جبکہ دسمبر سے مارچ میں بھاری برف باری کے باوجود سکی ڈھلوانیں کھلی رہتی ہیں۔,180,medium,list-recall,,,,,,,,,,
705,پاکستان کے پہلے ونٹر اولمپین نے کہاں تربیت حاصل کی اور ان کا نام کیا ہے؟,"محمد عباس، نالتر کے خطے میں",پاکستان کے پہلے ونٹر اولمپین محمد عباس نے نالتر کے خطے میں تربیت حاصل کی تھی۔,178,medium,list-recall,,,,,,,,,,
706,نالتر میں کون کون سی سرگرمیاں کی جا سکتی ہیں؟,"جیپ سفاری، ٹریکنگ، کیمپنگ، سکیئنگ، سنو بورڈنگ اور جنگلی حیات کی فوٹوگرافی","نالتر میں سیاح جیپ سفاری کے ذریعے جھیلوں تک جا سکتے ہیں اور ٹریکنگ، کیمپنگ، سکیئنگ، سنو بورڈنگ اور جنگلی حیات کی فوٹوگرافی سے لطف اندوز ہو سکتے ہیں۔",181,medium,list-recall,,,,,,,,,,
707,نالتر کی سترنگی جھیل کیوں مشہور ہے؟,"فیروزی، سبز اور گہرے نیلے سمیت مختلف رنگوں کی جھلک پیش کرتی ہے","سترنگی جھیل بشکری جھیل سسٹم کی سب سے بڑی اور مشہور جھیل ہے جو فیروزی، سبز اور گہرے نیلے سمیت مختلف رنگوں کی جھلک پیش کرتی ہے۔",179,easy,factual,,,,,,,,,,
708,نالتر جاتے وقت کون سی احتیاطی تدابیر اپنانی چاہئیں؟,"تجربہ کار مقامی جیپ ڈرائیور لیں، رات کو سفر سے گریز کریں، موسم معلوم کریں، نقد رقم اور گرم کپڑے رکھیں","نالتر کی سڑک تنگ اور ناہموار ہے اس لیے تجربہ کار مقامی جیپ ڈرائیور لینا، رات کے سفر سے گریز، موسمی حالات کی پیشگی معلومات اور نقد رقم و گرم کپڑے ساتھ رکھنا ضروری سمجھا جاتا ہے۔",181,medium,list-recall,,,,,,,,,,
709,نالتر میں سردیوں میں جھیلوں تک جانا کیوں مشکل ہو جاتا ہے؟,10 سے 15 فٹ برف کی وجہ سے سڑک بند ہو سکتی ہے,دسمبر سے مارچ تک بھاری برف باری کی وجہ سے جھیلوں تک جانے والی سڑک 10 سے 15 فٹ برف کے باعث بند ہو سکتی ہے۔,180,easy,factual,,,,,,,,,,
710,نالتر بالا میں قیام کے لیے کون کون سے آپشن موجود ہیں؟,"جی بی پی ڈبلیو ڈی ریسٹ ہاؤس، ایف سی این اے اور جی بی اسکاؤٹس لاج، لکڑی کے کاٹیج، داس ای باسی ریزورٹ، گرین پارک نالتر اور چھوٹے خاندانی ہوٹل","نالتر بالا میں جی بی پی ڈبلیو ڈی ریسٹ ہاؤس، ایف سی این اے اور جی بی اسکاؤٹس لاج، لکڑی کے کاٹیج، داس ای باسی ریزورٹ، گرین پارک نالتر اور دیگر چھوٹے خاندانی ہوٹل موجود ہیں، اور جھیلوں کے قریب کیمپنگ کی سہولت بھی دستیاب ہے۔",182,medium,list-recall,,,,,,,,,,
711,نالتر جاتے وقت پیٹرول کے بارے میں کیا احتیاط کرنی چاہیے اور عام گاڑی کہاں تک جا سکتی ہے؟,"نالتر میں پیٹرول نہیں ملتا، گلگت سے بھروا کر جائیں؛ عام سیڈان لوئر نالتر گاؤں تک جا سکتی ہے","نالتر میں پیٹرول کی سہولت موجود نہیں اس لیے گلگت سے روانگی سے پہلے ٹینک بھروانا ضروری ہے، جبکہ عام سیڈان گاڑیاں صرف لوئر نالتر گاؤں تک پہنچ سکتی ہیں اور جھیلوں یا سکی ریزورٹ تک نہیں جا سکتیں۔",183,medium,list-recall,,,,,,,,,,
712,اگر میں گلگت سے نالتر کی جھیلیں دیکھنے جانا چاہوں تو کس قسم کی گاڑی چاہیے اور وہاں کتنی جھیلیں دیکھ سکتا ہوں؟,"فور وہیل ڈرائیو گاڑی ضروری ہے، 5 سے 6 الپائن جھیلیں دیکھ سکتے ہیں","نالتر کی جھیلوں تک آخری 14 کلومیٹر کچی پہاڑی سڑک کے لیے فور وہیل ڈرائیو گاڑی ضروری ہے، اور وہاں بشکری جھیل سسٹم میں 5 سے 6 الپائن جھیلیں موجود ہیں جن میں سترنگی، بلیو لیک اور فیروزہ جھیل شامل ہیں۔","179,183",hard,multi-source,,,,,,,,,,
713,نالتر کی مشہور سترنگی جھیل تک پہنچنے کے لیے گلگت سے کتنا سفر کرنا پڑے گا اور کیا عام گاڑی سے جا سکتے ہیں؟,"گلگت سے تقریباً 34 کلومیٹر نالتر بالا تک، پھر 12 سے 13 کلومیٹر جیپ ٹریک؛ عام گاڑی سے نہیں جا سکتے","سترنگی جھیل تک پہنچنے کے لیے گلگت سے تقریباً 34 کلومیٹر نالتر بالا تک سفر کرنا ہوگا جس میں 2 سے 2.5 گھنٹے لگتے ہیں، پھر وہاں سے 12 سے 13 کلومیٹر جیپ ٹریک کرنا ہوگا۔ عام سیڈان گاڑی سے یہ ممکن نہیں کیونکہ جھیلوں تک کچی پہاڑی سڑک کے لیے فور وہیل ڈرائیو ضروری ہے۔","179,183",hard,multi-source,,,,,,,,,,
714,نالتر کی جھیلیں دیکھنے کا بہترین وقت کون سا ہے اور اس موسم میں گاڑی کے بارے میں کیا تیاری کرنی چاہیے؟,مئی سے ستمبر بہترین وقت ہے؛ فور وہیل ڈرائیو گاڑی اور گلگت سے پیٹرول بھروانا ضروری ہے,جھیلوں کی سیر کے لیے مئی سے ستمبر کا موسم موزوں ہے جب درجہ حرارت 10 سے 25 ڈگری سیلسیس رہتا ہے۔ اس سفر کے لیے فور وہیل ڈرائیو گاڑی ضروری ہے اور چونکہ نالتر میں پیٹرول نہیں ملتا اس لیے گلگت سے ہی ٹینک فل کر کے جانا چاہیے۔,"180,183",hard,multi-source,,,,,,,,,,
715,سردیوں میں نالتر جانے والا سیاح فور وہیل ڈرائیو لے کر بھی جھیلیں کیوں نہیں دیکھ سکتا؟,"دسمبر سے مارچ میں جھیلوں تک سڑک 10 سے 15 فٹ برف کے باعث بند ہو جاتی ہے، فور وہیل ڈرائیو کا فائدہ نہیں","جھیلوں تک آخری 14 کلومیٹر کچی سڑک کے لیے ویسے تو فور وہیل ڈرائیو ضروری ہے، لیکن دسمبر سے مارچ میں بھاری برف باری کے باعث یہ سڑک 10 سے 15 فٹ برف تلے دب جاتی ہے اور کوئی بھی گاڑی وہاں سے نہیں گزر سکتی۔","180,183",hard,multi-source,,,,,,,,,,
716,نالتر سکی ریزورٹ کی کیا خاص اہمیت ہے؟,پاکستان کا سب سے پرانا سکی ریزورٹ ہے,نالتر ویلی میں پاکستان کا سب سے پرانا سکی ریزورٹ واقع ہے جو نالتر بالا کے قریب بلند ارتفاع پر ہے اور قومی سکیئنگ چیمپئن شپس کی میزبانی کر چکا ہے۔,181,easy,factual,,,,,,,,,,
717,گلگت سے نالتر کا سفر کیسا ہے اور سڑک کے مختلف حصے کتنے کلومیٹر ہیں؟,"پہلے 20 کلومیٹر پکی آرام دہ سڑک، آخری 14 کلومیٹر ناہموار کچی پہاڑی سڑک",گلگت سے نالتر تک ابتدائی 20 کلومیٹر پکی سڑک پر آرام دہ سفر ہوتا ہے جبکہ جھیلوں تک جانے والے آخری 14 کلومیٹر ناہموار کچی پہاڑی سڑک پر مشتمل ہیں جس کے لیے فور وہیل ڈرائیو گاڑی ضروری ہے۔,183,medium,list-recall,,,,,,,,,,
718,کرگاہ بدھا کہاں واقع ہے اور اسے کب دریافت کیا گیا؟,"گلگت سے تقریباً 9.7 کلومیٹر دور کرگاہ نالے میں، 1938–39 میں دریافت ہوا",کرگاہ بدھا گلگت شہر سے تقریباً 9.7 کلومیٹر دور کرگاہ نالے میں چٹان پر کندہ ہے اور یہ 1938–39 میں دریافت ہوا۔,184,medium,list-recall,,,,,,,,,,
719,اسکردو میں سیاحوں کے لیے کون کون سے ہوٹل دستیاب ہیں؟,"دیوانِ خاص، ماؤنٹین لاج، ہِک اِن، مونٹاگنا پاڈز، ریچن ریزورٹ، آئی ایف کیو پریمیئر، بلتستان فورٹ اور عرش لگژری سوئٹس","اسکردو میں سیاحوں کے لیے دیوانِ خاص اسکردو، ہوٹل ماؤنٹین لاج، ہِک اِن، مونٹاگنا پاڈز، ریچن ریزورٹ، آئی ایف کیو پریمیئر اسکردو، بلتستان فورٹ اور عرش لگژری سوئٹس جیسے رہائشی مقامات موجود ہیں۔",185,medium,list-recall,,,,,,,,,,
720,گلگت بلتستان میں مردوں کا روایتی لباس کن چیزوں پر مشتمل ہے؟,"اونی ٹوپی، شلوار قمیض اور اونی چوغہ","گلگت بلتستان میں مردوں کا روایتی لباس اونی ٹوپی، شلوار قمیض اور اونی چوغہ پر مشتمل ہے۔",186,medium,list-recall,,,,,,,,,,
721,گلگت بلتستان کی خواتین کا روایتی لباس کیسا ہوتا ہے؟,"ایراغی ٹوپی، سلسلہ زیور، ڈھیلی شلوار قمیض اور رنگین فراک","خواتین کا روایتی لباس کڑھائی والی ایراغی ٹوپی جس پر سلسلہ نامی روایتی زیور لگا ہوتا ہے، ڈھیلی شلوار قمیض اور رنگین فراک پر مشتمل ہے۔",186,medium,list-recall,,,,,,,,,,
722,نالتر کی جھیلوں تک جانے کے لیے کس قسم کی گاڑی ضروری ہے؟,فور وہیل ڈرائیو گاڑی,جھیلوں تک جانے والے آخری 14 کلومیٹر ناہموار کچی پہاڑی سڑک پر مشتمل ہیں جس کے لیے فور وہیل ڈرائیو گاڑی ضروری ہے۔,183,easy,factual,,,,,,,,,,
723,نالتر ویلی میں سکی ریزورٹ تک پہنچنے کے لیے کس قسم کی گاڑی چاہیے اور وہاں کا سکی ریزورٹ کیوں خاص اہمیت رکھتا ہے؟,فور وہیل ڈرائیو گاڑی ضروری ہے؛ یہ پاکستان کا سب سے پرانا سکی ریزورٹ ہے جس نے کئی قومی چیمپئن شپس کی میزبانی کی ہے,"نالتر ویلی میں جھیلوں اور سکی ریزورٹ تک جانے کے لیے فور وہیل ڈرائیو گاڑی ضروری ہے کیونکہ آخری 14 کلومیٹر ناہموار کچی پہاڑی سڑک ہے۔ یہ سکی ریزورٹ اس لیے خاص اہمیت رکھتا ہے کہ یہ پاکستان کا سب سے پرانا سکی ریزورٹ ہے، جس نے کئی قومی سکیئنگ چیمپئن شپس کی میزبانی کی ہے اور پاکستان کے پہلے ونٹر اولمپین محمد عباس نے اسی خطے میں تربیت حاصل کی تھی۔","181,183",hard,multi-source,,,,,,,,,,
724,نالتر ویلی میں سکیئنگ کا بہترین موسم کون سا ہے اور اس دوران جھیلوں تک جانے کی صورتحال کیا ہوتی ہے؟,دسمبر سے مارچ؛ اس وقت جھیلوں تک سڑک 10 سے 15 فٹ برف کی وجہ سے بند ہو سکتی ہے لیکن سکی ڈھلوانیں کھلی رہتی ہیں,"نالتر میں سکیئنگ کے لیے سب سے موزوں وقت دسمبر سے مارچ تک کا موسم سرما ہے کیونکہ اس دوران بھاری برف باری ہوتی ہے اور بلند ارتفاع کی وجہ سے برف زیادہ دیر تک رہتی ہے۔ تاہم اس موسم میں جھیلوں تک جانے والی سڑک 10 سے 15 فٹ برف کے باعث بند ہو سکتی ہے، جبکہ سکی ڈھلوانیں کھلی رہتی ہیں۔","180,181",hard,multi-source,,,,,,,,,,
725,نالتر ویلی کی بلندی کتنی ہے اور فوٹوگرافی کے شوقین افراد کے لیے وہاں جانے کا بہترین وقت کون سا ہے؟,2900 سے 3000 میٹر؛ اکتوبر,نالتر ویلی کی بلندی تقریباً 2900 سے 3000 میٹر کے درمیان ہے۔ فوٹوگرافی کے شوقین افراد کے لیے اکتوبر کا مہینہ سب سے موزوں ہے کیونکہ اس وقت خزاں کے سنہری مناظر ہوتے ہیں اور سیاحوں کی تعداد بھی کم ہوتی ہے جو فوٹوگرافی کے لیے سازگار ماحول فراہم کرتی ہے۔,"178,180",hard,multi-source,,,,,,,,,,
726,گلگت بلتستان میں روایتی ٹوپی کی کیا اہمیت ہے اور یہ کن مواقع پر پہنی جاتی ہے؟,"ثقافتی شناخت کی علامت، رسمی لباس اور دولہے کے لباس میں شامل","روایتی اونی ٹوپی گلگت بلتستان کی ثقافتی شناخت کا اہم حصہ ہے، سفید ٹوپی سب سے مقبول ہے اور اسے رسمی لباس اور دولہے کے لباس میں بھی استعمال کیا جاتا ہے۔",186,medium,list-recall,,,,,,,,,,
727,شندور پولو فیسٹیول کہاں اور کب منعقد ہوتا ہے؟,"دنیا کے بلند ترین پولو گراؤنڈ پر، عموماً 7 سے 9 جولائی کو",شندور پولو فیسٹیول دنیا کے بلند ترین پولو گراؤنڈ پر منعقد ہوتا ہے اور عموماً 7 سے 9 جولائی کو ہوتا ہے تاہم تاریخیں سیاحوں کی آمد کے مطابق بدل سکتی ہیں۔,187,medium,list-recall,,,,,,,,,,
728,شندور پولو فیسٹیول میں سیاحوں کے لیے کیا کیا سرگرمیاں ہوتی ہیں؟,"لوک موسیقی، لوک رقص، روایتی کھیل اور کیمپنگ ویلج","شندور پولو فیسٹیول میں لوک موسیقی، لوک رقص، روایتی کھیل اور درے پر کیمپنگ ویلج قائم کیا جاتا ہے۔",187,medium,list-recall,,,,,,,,,,
729,نوروز فیسٹیول کب منایا جاتا ہے اور اس میں کون کون سے کھیل شامل ہیں؟,"21 مارچ؛ پولو، فٹ بال، والی بال اور ہاکی","نوروز فیسٹیول ہر سال 21 مارچ کو منایا جاتا ہے اور اس میں پولو، فٹ بال، والی بال اور ہاکی جیسے کھیل شامل ہیں۔",188,medium,list-recall,,,,,,,,,,
730,نوروز فیسٹیول کتنے دن جاری رہتا ہے اور اس میں کھیلوں کے علاوہ کیا ہوتا ہے؟,"تین دن؛ موسیقی، رقص اور کھانے کی تقسیم","نوروز فیسٹیول تین دن جاری رہتا ہے اور اس میں کھیلوں کے علاوہ موسیقی، رقص اور کھانے کی تقسیم بھی ہوتی ہے۔",188,medium,list-recall,,,,,,,,,,
731,گنانی فیسٹیول کب منایا جاتا ہے اور اس پر کون سا روایتی کھانا بنایا جاتا ہے؟,21 جون سے چار دن؛ ڈیرم پٹی,گنانی فیسٹیول 21 جون کو شروع ہو کر چار دن تک جاری رہتا ہے اور اس موقع پر روایتی کھانا ڈیرم پٹی تیار کیا جاتا ہے۔,189,medium,list-recall,,,,,,,,,,
732,کرگاہ بدھا کا مجسمہ کتنا بلند ہے؟,تقریباً 15 میٹر,کرگاہ نالے میں چٹان پر کندہ یہ کھڑا بدھا کا مجسمہ تقریباً 15 میٹر بلند ہے۔,184,easy,factual,,,,,,,,,,
733,گلگت بلتستان کا سب سے مقبول کھیل کون سا ہے؟,پولو,پولو گلگت بلتستان کا سب سے مقبول کھیل ہے۔,186,easy,factual,,,,,,,,,,
734,شندور پولو فیسٹیول عموماً کن تاریخوں کو منعقد ہوتا ہے؟,7 سے 9 جولائی,شندور پولو فیسٹیول عموماً 7 سے 9 جولائی کو منعقد ہوتا ہے تاہم تاریخیں سیاحوں کی آمد کے مطابق بدل سکتی ہیں۔,187,easy,factual,,,,,,,,,,
735,گنانی فیسٹیول کیوں منایا جاتا ہے اور اس میں کون سی ثقافتی سرگرمیاں ہوتی ہیں؟,گرمی اور نئی فصل کی آمد کی خوشی میں؛ بانسری کی دھن پر لوک رقص,گنانی فیسٹیول گرمی اور نئی فصل کے موسم کی آمد کی خوشی میں منایا جاتا ہے اور اس میں بانسری کی دھن پر لوک رقص کیے جاتے ہیں۔,189,medium,list-recall,,,,,,,,,,
736,ہنزہ میوزک فیسٹیول میں سیاح کون سی سرگرمیوں میں حصہ لے سکتے ہیں؟,"براہ راست موسیقی پرفارمنس، روایتی آلات کی ورکشاپس اور آرٹ نمائشیں","ہنزہ میوزک فیسٹیول میں سیاح مقامی موسیقاروں کی براہ راست پرفارمنس سن سکتے ہیں، روایتی موسیقی کے آلات سے متعلق ورکشاپس میں حصہ لے سکتے ہیں اور مقامی فنکاروں کی آرٹ نمائشیں دیکھ سکتے ہیں۔",190,medium,list-recall,,,,,,,,,,
737,شندور پولو گراؤنڈ کی کیا خصوصیت ہے؟,یہ دنیا کا بلند ترین پولو گراؤنڈ ہے,شندور پولو گراؤنڈ دنیا کا بلند ترین پولو گراؤنڈ ہے۔,187,easy,factual,,,,,,,,,,
738,گلگت میں کون سے دو تہوار منائے جاتے ہیں اور ان میں رقص کے علاوہ کیا مشترک سرگرمیاں ہیں؟,دونوں میں کھانا اور رقص شامل ہے,"نوروز فیسٹیول 21 مارچ کو گلگت میں منایا جاتا ہے جس میں موسیقی، رقص اور کھانے کی تقسیم ہوتی ہے۔ گنانی فیسٹیول 21 جون کو شروع ہوتا ہے جس میں روایتی کھانا ڈیرم پٹی اور بانسری کی دھن پر لوک رقص شامل ہیں۔ دونوں تہواروں میں کھانا اور رقص مشترک سرگرمیاں ہیں۔","189,189",hard,multi-source,,,,,,,,,,
739,اگر میں گلگت کے دونوں بڑے فیسٹیولز دیکھنا چاہوں تو مجھے کن تاریخوں کا انتظار کرنا ہوگا اور ہر تہوار کتنے دن چلتا ہے؟,"21 مارچ کو نوروز تین دن، 21 جون کو گنانی چار دن","نوروز فیسٹیول 21 مارچ سے شروع ہو کر تین دن تک جاری رہتا ہے، جبکہ گنانی فیسٹیول 21 جون کو شروع ہو کر چار دن تک چلتا ہے۔ دونوں دیکھنے کے لیے مارچ اور جون دونوں مہینوں میں گلگت آنا ہوگا۔","188,189",hard,multi-source,,,,,,,,,,
740,اگر میں گلگت بلتستان کے دو مختلف علاقوں کے فیسٹیولز میں موسیقی اور آرٹ دونوں کا تجربہ لینا چاہوں تو کون سے فیسٹیولز موزوں ہوں گے؟,ہنزہ میوزک فیسٹیول اور بلتستان فیسٹیول,"ہنزہ میوزک فیسٹیول میں روایتی موسیقی کی براہ راست پرفارمنس اور مقامی فنکاروں کی آرٹ نمائشیں دونوں شامل ہیں، جبکہ بلتستان فیسٹیول میں روایتی موسیقی کے ساتھ ساتھ رقص اور دستکاری کے فن پارے بھی دستیاب ہوتے ہیں۔ دونوں فیسٹیولز الگ علاقوں میں منعقد ہوتے ہیں۔","190,191",hard,multi-source,,,,,,,,,,
741,ہنزہ اور بلتستان کے فیسٹیولز میں سیاحوں کے لیے سیکھنے اور ثقافتی تبادلے کے کیا مواقع ہیں؟,"ہنزہ میں ورکشاپس، بلتستان میں ثقافتی تبادلہ","ہنزہ میوزک فیسٹیول میں سیاح روایتی موسیقی کے آلات سے متعلق ورکشاپس میں حصہ لے سکتے ہیں، جبکہ بلتستان فیسٹیول سیاحوں اور مقامی لوگوں کے درمیان براہ راست ثقافتی تبادلے کا موقع فراہم کرتا ہے۔ دونوں فیسٹیولز مختلف انداز سے سیاحوں کو مقامی ثقافت سے جوڑتے ہیں۔","190,191",hard,multi-source,,,,,,,,,,
742,گلگت بلتستان کا سب سے مقبول کھیل کون سا ہے اور یہ کھیل کس مشہور فیسٹیول میں کب اور کہاں دیکھا جا سکتا ہے؟,"پولو؛ شندور پولو فیسٹیول، عموماً 7 سے 9 جولائی، دنیا کے بلند ترین پولو گراؤنڈ پر",پولو گلگت بلتستان کا سب سے مقبول کھیل ہے۔ یہ کھیل شندور پولو فیسٹیول میں دیکھا جا سکتا ہے جو عموماً 7 سے 9 جولائی کو دنیا کے بلند ترین پولو گراؤنڈ پر منعقد ہوتا ہے۔,"186,187",hard,multi-source,,,,,,,,,,
743,بلتستان فیسٹیول میں کون کون سی ثقافتی سرگرمیاں اور کھانے دستیاب ہوتے ہیں؟,"روایتی رقص، موسیقی، ڈرامہ؛ روایتی بلتستانی کھانے اور مقامی دستکاری","بلتستان فیسٹیول میں روایتی رقص، موسیقی اور ڈرامے کی پرفارمنس ہوتی ہیں۔ روایتی بلتستانی کھانے اور مقامی دستکاروں کے فن پارے بھی دستیاب ہوتے ہیں۔",191,medium,list-recall,,,,,,,,,,
744,نوروز فیسٹیول کس تاریخ کو منایا جاتا ہے؟,21 مارچ,نوروز فیسٹیول ہر سال 21 مارچ کو منایا جاتا ہے جو فارسی کیلنڈر کے مطابق نئے سال کا پہلا دن ہے۔,188,easy,factual,,,,,,,,,,
745,ضلع استور کی جھیلوں میں کون سی سرگرمی مقبول ہے؟,ماہی گیری اور اینگلنگ,اس علاقے کی جھیلیں ماہی گیری اور اینگلنگ کے شوقین افراد کو اپنی طرف متوجہ کرتی ہیں۔,192,medium,list-recall,,,,,,,,,,
746,بلتستان فیسٹیول کس موسم میں منعقد ہوتا ہے؟,خزاں کے مہینوں میں,بلتستان فیسٹیول خزاں کے مہینوں میں منعقد ہوتا ہے۔,191,easy,factual,,,,,,,,,,
747,رامہ ویلی کس قسم کے جنگلات کے لیے مشہور ہے؟,"صنوبر، دیودار اور جونیپر کے جنگلات","رامہ ویلی گھنے صنوبر، دیودار اور جونیپر کے جنگلات کے لیے مشہور ہے۔",192,medium,list-recall,,,,,,,,,,
748,رامہ ویلی کی نمایاں قدرتی کشش کون سی ہے؟,رامہ جھیل  الپائن چراگاہیں,رامہ جھیل کی نمایاں قدرتی کشش الپائن چراگاہیں اور صنوبر و دیودار کے جنگلات کی ہے۔,192,easy,factual,,,,,,,,,,
749,شیوسر جھیل کی ایک نمایاں خصوصیت کیا ہے؟,بلند ترین جھیلوں میں شامل,شیوسر جھیل علاقے کی بلند ترین جھیلوں میں شامل ہے۔,192,easy,factual,,,,,,,,,,
750,اسلام آباد سے استور کے لیے براہِ راست راستہ موجود ہے؟,نہیں,اسلام آباد سے استور کے لیے براہِ راست راستہ موجود نہیں۔,193,easy,factual,,,,,,,,,,
751,گلگت سے استور پہنچنے کے لیے کون سا راستہ استعمال کیا جاتا ہے؟,تھلیچی کا راستہ,گلگت سے استور پہنچنے کے لیے تھلیچی کے راستے سڑک استعمال کی جاتی ہے۔,193,easy,factual,,,,,,,,,,
752,دیوسائی نیشنل پارک کس چیز کے لیے معروف ہے؟,خوبصورت مناظر اور بھورے ریچھ,دیوسائی نیشنل پارک اپنے خوبصورت مناظر اور بھورے ریچھوں کی وجہ سے معروف ہے۔,192,medium,list-recall,,,,,,,,,,
753,اسکردو سے استور جانے کا متبادل راستہ کون سا ہے؟,دیوسائی نیشنل پارک کا راستہ,اسکردو سے استور دیوسائی نیشنل پارک کے راستے جایا جا سکتا ہے۔,193,easy,factual,,,,,,,,,,
754,زمینی سفر میں استور پہنچنے کے لیے کون سی شاہراہ استعمال کی جاتی ہے؟,قراقرم ہائی وے,زمینی سفر کے دوران قراقرم ہائی وے کے ذریعے تھلیچی پہنچ کر استور کی طرف سفر کیا جاتا ہے۔,193,easy,factual,,,,,,,,,,
755,استور کے زمینی سفر میں کن دو راستوں کا استعمال کیا جاتا ہے؟,"قراقرم ہائی وے، تھلیچی کا راستہ","زمینی سفر میں پہلے قراقرم ہائی وے استعمال کی جاتی ہے، پھر تھلیچی سے استور جانے والی سڑک اختیار کی جاتی ہے۔",193,medium,list-recall,,,,,,,,,,
756,اگر کوئی سیاح اسلام آباد سے استور جانے کا منصوبہ بنا رہا ہو تو اسے کون سا راستہ اختیار کرنا چاہیے اور سفر سے پہلے کس بات کی تصدیق کرنی چاہیے؟,مناسب راستہ منتخب کریں اور موسم و سڑکوں کی صورتحال چیک کریں۔,"اسلام آباد سے استور کے لیے براہِ راست راستہ موجود نہیں، اس لیے گلگت، اسکردو یا قراقرم ہائی وے کے ذریعے سفر کیا جا سکتا ہے۔ سفر سے پہلے خصوصاً موسم اور سڑکوں کی تازہ صورتحال ضرور معلوم کرنی چاہیے۔","193,194",hard,multi-source,,,,,,,,,,
757,استور جانے کے لیے سفر کا موزوں موسم کون سا ہے؟,مئی سے ستمبر,استور کا سفر عموماً مئی سے ستمبر کے دوران زیادہ آسان رہتا ہے کیونکہ اس عرصے میں سڑکیں کھلی ہوتی ہیں۔,194,easy,factual,,,,,,,,,,
758,سردیوں میں استور کے سفر سے پہلے کن دو چیزوں کی معلومات حاصل کرنی چاہیے؟,موسم اور سڑکوں کی صورتحال,سردیوں میں سفر سے پہلے موسم اور سڑکوں کی تازہ صورتحال معلوم کرنا مناسب رہتا ہے۔,194,medium,list-recall,,,,,,,,,,
759,نومبر سے اپریل کے دوران استور کے سفر میں کیا مسئلہ پیش آ سکتا ہے؟,شدید برف باری سے سڑکیں متاثر ہو سکتی ہیں,نومبر سے اپریل تک شدید برف باری خصوصاً چلاس اور استور کے درمیان راستوں کو متاثر کر سکتی ہے۔,194,easy,factual,,,,,,,,,,
760,مزینو پاس کن دو علاقوں کو ملاتا ہے؟,"وادی روپل، دیامر",مزینو پاس وادی روپل کو دیامر کے علاقے سے ملاتا ہے۔,195,medium,list-recall,,,,,,,,,,
761,نانگا پربت کی تین مشہور چڑھائیاں کون سی ہیں؟,"روپل، دیامر، رائیکوٹ","نانگا پربت کی تین مشہور چڑھائیاں روپل، دیامر اور رائیکوٹ ہیں۔",195,medium,list-recall,,,,,,,,,,
762,مزینو پاس کہاں واقع ہے؟,استور سے تقریباً 42 کلومیٹر دور,مزینو پاس ضلع استور سے تقریباً 42 کلومیٹر کے فاصلے پر واقع ہے۔,195,easy,factual,,,,,,,,,,
763,مزینو پاس کی دو نمایاں خصوصیات کیا ہیں؟,"وادی روپل اور دیامر کو ملاتا ہے، نیم تکنیکی ٹریک ہے",مزینو پاس وادی روپل کو دیامر سے ملاتا ہے اور اس کے بعض حصے نیم تکنیکی نوعیت کے ہیں۔,195,medium,list-recall,,,,,,,,,,
764,مزینو پاس کے بعض حصوں میں کون سی بنیادی مہارت مفید ہوتی ہے؟,رسی اور ہارنس استعمال کرنے کی مہارت,"مزینو پاس کے بعض حصے نیم تکنیکی نوعیت کے ہیں، اس لیے بنیادی رسی اور ہارنس استعمال کرنے کی مہارت مفید ہوتی ہے۔",195,easy,factual,,,,,,,,,,
765,برزل پاس کی بلندی کتنی ہے؟,"تقریباً 13,808 فٹ","برزل پاس تقریباً 13,808 فٹ بلند پہاڑی درہ ہے۔",196,easy,factual,,,,,,,,,,
766,برزل پاس کی مغربی ڈھلوانوں سے کون سا دریا نکلتا ہے؟,دریائے استور,برزل پاس کی مغربی ڈھلوانوں سے دریائے استور کا آغاز ہوتا ہے۔,196,easy,factual,,,,,,,,,,
767,برزل پاس تاریخی طور پر کن شہروں کو ملانے والے راستے کا حصہ تھا؟,"گلگت، اسکردو، سرینگر","برزل پاس تاریخی طور پر دیوسائی سطح مرتفع کے ذریعے گلگت، اسکردو اور سرینگر کو ملانے والے قدیم راستے کا حصہ تھا۔",196,medium,list-recall,,,,,,,,,,
768,کالا پانی وادی کی قدرتی خصوصیات کیا ہیں؟,"سرسبز میدان، شفاف چشمے، بلند پہاڑ","کالا پانی وادی میں سرسبز گھاس کے میدان، شفاف چشمے اور بلند پہاڑ قدرتی منظرنامہ تشکیل دیتے ہیں۔",197,medium,list-recall,,,,,,,,,,
769,گرمیوں میں برزل پاس کی چوٹی پر کیا منظر دیکھنے کو ملتا ہے؟,الپائن گھاس سے ڈھکی ہوتی ہے,گرمیوں میں برزل پاس کی چوٹی الپائن گھاس سے ڈھک جاتی ہے۔,196,easy,factual,,,,,,,,,,
770,"استور میں قدرتی مناظر سے لطف اندوز ہونے کے لیے کن دو وادیوں کا رخ کیا جا سکتا ہے، اور ہر ایک کی ایک نمایاں خصوصیت کیا ہے؟",رامہ ویلی اور کالا پانی وادی,"رامہ ویلی اپنے گھنے جنگلات اور رامہ جھیل کے لیے مشہور ہے جبکہ کالا پانی وادی سرسبز میدانوں، شفاف چشموں اور پرسکون قدرتی ماحول کی وجہ سے نمایاں ہے۔","192,197",hard,multi-source,,,,,,,,,,
771,"استور کے دو نمایاں پہاڑی درے کون سے ہیں، اور ہر ایک کی ایک نمایاں خصوصیت کیا ہے؟","مزینو پاس، برزل پاس","مزینو پاس ایک بلند ٹریکنگ راستہ ہے جو وادی روپل کو دیامر سے ملاتا ہے، جبکہ برزل پاس تاریخی طور پر گلگت، اسکردو اور سرینگر کو ملانے والے قدیم راستوں میں شمار ہوتا تھا۔","195,196",hard,multi-source,,,,,,,,,,
772,ہنزہ اور استور میں واقع دو قدرتی مقامات کون سے ہیں اور ہر ایک کس وجہ سے مشہور ہے؟,"عطاء آباد جھیل، رامہ جھیل",عطاء آباد جھیل اپنے نیلے پانی اور کشتی رانی کے لیے مشہور ہے جبکہ رامہ جھیل رامہ ویلی کی اہم قدرتی کششوں میں شمار ہوتی ہے۔,"121,192",hard,multi-source,,,,,,,,,,
773,کالا پانی وادی کا ماحول پرسکون کیوں سمجھا جاتا ہے؟,دور افتادہ محل وقوع,نسبتاً دور افتادہ محل وقوع ہونے کی وجہ سے کالا پانی وادی کا ماحول پرسکون سمجھا جاتا ہے۔,197,easy,factual,,,,,,,,,,
774,کالا پانی وادی کہاں واقع ہے؟,"ضلع استور، گلگت بلتستان","کالا پانی وادی ضلع استور، گلگت بلتستان میں واقع ہے۔",197,easy,factual,,,,,,,,,,
775,کالا پانی وادی کن سیاحوں کے لیے موزوں مقام ہے؟,ٹریکنگ اور فطرت سے دلچسپی رکھنے والے سیاح,کالا پانی وادی ٹریکنگ اور فطرت سے دلچسپی رکھنے والے سیاحوں کے لیے موزوں مقام ہے۔,197,medium,list-recall,,,,,,,,,,
776,درلے وادی کی نمایاں قدرتی خصوصیات کیا ہیں؟,"شفاف چشمے، بہتے دریا، بلند پہاڑی مناظر","درلے وادی میں شفاف چشمے، بہتے ہوئے دریا اور بلند پہاڑی مناظر پائے جاتے ہیں۔",198,medium,list-recall,,,,,,,,,,
777,اگر کوئی سیاح استور میں سرسبز وادی اور خوبصورت جھیل دونوں دیکھنا چاہے تو اسے کہاں جانا چاہیے؟,"کالا پانی وادی، درلے وادی","کالا پانی وادی سرسبز میدانوں، شفاف چشموں اور پرسکون ماحول کے لیے جانی جاتی ہے، جبکہ درلے وادی شفاف چشموں، بہتے ہوئے دریاؤں اور درلے جھیل کی وجہ سے نمایاں ہے۔","197,198",hard,multi-source,,,,,,,,,,
778,درلے وادی کہاں واقع ہے؟,"ضلع استور، گلگت بلتستان","درلے وادی ضلع استور، گلگت بلتستان میں واقع ہے۔",198,easy,factual,,,,,,,,,,
779,درلے وادی استور شہر سے کتنی دور ہے؟,تقریباً دو گھنٹے کی مسافت,درلے وادی استور شہر سے تقریباً دو گھنٹے کی مسافت پر واقع ہے۔,198,easy,factual,,,,,,,,,,
780,درلے جھیل کی دو نمایاں خصوصیات کیا ہیں؟,"صاف نیلا پانی، بل کھاتی ہوئی شکل","درلے جھیل صاف نیلے پانی اور اپنی لمبی، بل کھاتی ہوئی شکل کی وجہ سے پہچانی جاتی ہے۔",198,medium,list-recall,,,,,,,,,,
781,اللہ والی جھیل کا نام کس قدرتی منظر سے منسوب کیا جاتا ہے؟,"دریا کے بل کھاتے راستے کی ""اللہ"" سے مشابہ شکل","جھیل کا نام اس قدرتی منظر سے منسوب کیا جاتا ہے جہاں دریا کا بل کھاتا ہوا راستہ اور سبز میدان بلند مقام سے دیکھنے پر عربی لفظ ""اللہ"" سے مشابہ دکھائی دیتے ہیں۔",199,medium,list-recall,,,,,,,,,,
782,اللہ والی جھیل کہاں واقع ہے؟,"وادی پریشنگ، گوٹم سر کے قریب","اللہ والی جھیل وادی پریشنگ کے آخری حصے میں، گوٹم سر کے قریب واقع ہے۔",199,easy,factual,,,,,,,,,,
783,اللہ والی جھیل کے اطراف کون سی قدرتی خصوصیات پائی جاتی ہیں؟,"سرسبز میدان، بلند پہاڑ",جھیل کے اطراف سرسبز میدان اور بلند پہاڑ موجود ہیں جو قدرتی مناظر اور تفریح کے لیے موزوں ماحول فراہم کرتے ہیں۔,199,medium,list-recall,,,,,,,,,,
784,اللہ والی جھیل استور شہر سے کتنی دور ہے؟,تقریباً 45 منٹ کی مسافت,اللہ والی جھیل استور شہر سے تقریباً 45 منٹ کی مسافت پر واقع ہے۔,199,easy,factual,,,,,,,,,,
785,دومیل رینبو جھیل کہاں واقع ہے؟,"منی مرگ، وادی استور",دومیل رینبو جھیل وادی استور کے علاقے منی مرگ میں واقع ہے۔,201,easy,factual,,,,,,,,,,
786,"استور میں کون سی دو جھیلیں موسم کی وجہ سے مختلف سیاحتی تجربہ فراہم کر سکتی ہیں، اور کیوں؟","اللہ والی جھیل، دومیل رینبو جھیل","اللہ والی جھیل بلند مقام سے نظر آنے والے منفرد قدرتی منظر کے لیے مشہور ہے، جبکہ دومیل رینبو جھیل پر دھند یا بارش کی صورت میں جھیل کی واضح منظر کشی ممکن نہیں ہوتی۔","199,200",hard,multi-source,,,,,,,,,,
787,"استور میں ٹریکنگ کے شوقین افراد کے لیے دو کون سے مقامات موزوں ہیں، اور ہر ایک کی ایک نمایاں خصوصیت کیا ہے؟","مزینو پاس، دومیل رینبو جھیل",مزینو پاس ایک نیم تکنیکی بلند پہاڑی ٹریک ہے جبکہ دومیل رینبو جھیل ٹریکنگ کے ذریعے قابلِ رسائی ہے اور الپائن میدانوں کے لیے جانی جاتی ہے۔,"195,200",hard,multi-source,,,,,,,,,,
788,استور میں فطرت سے لطف اندوز ہونے کے لیے کون سی دو وادیاں موزوں ہیں اور ان کی ایک ایک نمایاں قدرتی خصوصیت کیا ہے؟,"کالا پانی وادی، درلے وادی","کالا پانی وادی سرسبز میدانوں، شفاف چشموں اور پرسکون ماحول کے لیے جانی جاتی ہے، جبکہ درلے وادی درلے جھیل، بہتے دریاؤں اور بلند پہاڑی مناظر کی وجہ سے نمایاں ہے۔","197,198",hard,multi-source,,,,,,,,,,
789,استور کی کون سی دو جھیلیں مختلف قدرتی خصوصیات کی وجہ سے مشہور ہیں؟,"درلے جھیل، دومیل رینبو جھیل","درلے جھیل اپنی صاف نیلی پانی اور بل کھاتی ہوئی شکل کے لیے مشہور ہے، جبکہ دومیل رینبو جھیل الپائن میدانوں اور موسمی جنگلی پھولوں سے گھرے قدرتی ماحول کی وجہ سے معروف ہے۔","198,200",hard,multi-source,,,,,,,,,,
790,استور کے دو ایسے سیاحتی مقامات بتائیں جہاں قدرتی مناظر کے ساتھ مخصوص جغرافیائی خصوصیات بھی پائی جاتی ہیں۔,"برزل پاس، مزینو پاس",برزل پاس کی مغربی ڈھلوانوں سے دریائے استور کا آغاز ہوتا ہے جبکہ مزینو پاس وادی روپل کو دیامر سے ملانے والا بلند پہاڑی درہ ہے۔,"195,196",hard,multi-source,,,,,,,,,,
791,اسلام آباد سے رامہ جھیل جانے والے سیاح کو استور پہنچنے کے بعد آگے کس ذریعے سے جانا ہوتا ہے؟,جیپ کے ذریعے رامہ میڈوز,"اسلام آباد سے استور پہنچنے کے بعد سیاح عموماً جیپ کے ذریعے رامہ میڈوز جاتا ہے، جہاں سے رامہ جھیل تک رسائی حاصل ہوتی ہے۔","193,201",hard,multi-source,,,,,,,,,,
792,"استور میں کون سی دو جھیلیں ٹریکنگ یا قدرتی سیاحت کے لیے موزوں ہیں، اور ہر ایک کی ایک نمایاں خصوصیت کیا ہے؟","رامہ جھیل، دومیل رینبو جھیل","رامہ جھیل الپائن چراگاہوں اور صنوبر و دیودار کے جنگلات سے گھری ہوئی ہے، جبکہ دومیل رینبو جھیل ٹریکنگ کے ذریعے قابلِ رسائی ہے اور اس کے اطراف الپائن میدان اور جنگلی پھول پائے جاتے ہیں۔","200,201",hard,multi-source,,,,,,,,,,
793,استور کی کون سی دو قدرتی جھیلیں مختلف رسائی کے طریقوں کی وجہ سے نمایاں ہیں؟,"رامہ جھیل، دومیل رینبو جھیل","رامہ جھیل تک پہنچنے کے لیے استور سے جیپ کے ذریعے رامہ میڈوز جایا جاتا ہے، جبکہ دومیل رینبو جھیل تک ٹریکنگ کے ذریعے پہنچا جاتا ہے۔","200,201",hard,multi-source,,,,,,,,,,
794,استور میں واقع دو ایسے مقامات کون سے ہیں جو نانگا پربت اور دریائے استور سے متعلق جغرافیائی اہمیت رکھتے ہیں؟,"رامہ جھیل، برزل پاس","رامہ جھیل نانگا پربت کے دامن کے قریب واقع ہے، جبکہ برزل پاس کی مغربی ڈھلوانوں سے دریائے استور کا آغاز ہوتا ہے۔","201,196",hard,multi-source,,,,,,,,,,
795,دومیل رینبو جھیل تک کیسے پہنچا جا سکتا ہے؟,ٹریکنگ کے ذریعے,دومیل رینبو جھیل تک ٹریکنگ کے ذریعے پہنچا جا سکتا ہے۔,201,easy,factual,,,,,,,,,,
796,کن موسمی حالات میں دومیل رینبو جھیل کی واضح منظر کشی ممکن نہیں ہوتی؟,دھند یا بارش,بعض اوقات دھند یا بارش کی وجہ سے دومیل رینبو جھیل کی واضح منظر کشی ممکن نہیں ہوتی۔,201,easy,factual,,,,,,,,,,
797,دومیل رینبو جھیل کے اطراف کون سی قدرتی خصوصیات پائی جاتی ہیں؟,"الپائن میدان، سرسبز گھاس، جنگلی پھول","جھیل کے اطراف کھلے الپائن میدان، سرسبز گھاس اور موسم کے مطابق جنگلی پھول پائے جاتے ہیں۔",200,medium,list-recall,,,,,,,,,,
798,ضلع کھرمنگ کے نمایاں سیاحتی مقامات کون سے ہیں؟,"منتھوکھا آبشار، خاموش آبشار، ڈاپا، کٹیشو، مہدی آباد","ضلع کھرمنگ کے نمایاں سیاحتی مقامات میں منتھوکھا آبشار، خاموش آبشار، ڈاپا، کٹیشو اور مہدی آباد شامل ہیں۔",202,medium,list-recall,,,,,,,,,,
799,ضلع کھرمنگ میں کون سی مقبول سیاحتی سرگرمیاں ہیں؟,"ٹریکنگ، کیمپنگ، ٹراؤٹ مچھلی کا شکار، اینگلنگ","ضلع کھرمنگ میں ٹریکنگ، کیمپنگ، ٹراؤٹ مچھلی کا شکار اور اینگلنگ مقبول سرگرمیاں ہیں۔",202,medium,list-recall,,,,,,,,,,
800,کھرمنگ اور ہنزہ دونوں کن مشترکہ پھلوں کی پیداوار کے لیے معروف ہیں؟,"سیب، خوبانی","کھرمنگ اور ہنزہ دونوں سیب اور خوبانی کی پیداوار کے لیے معروف ہیں، جبکہ ہنزہ میں اخروٹ، بادام، انگور اور مقامی سفرجل بھی پیدا ہوتے ہیں۔","120,202",hard,multi-source,,,,,,,,,,
801,قدرتی مناظر اور بیرونی سرگرمیوں کے لحاظ سے استور اور کھرمنگ میں سیاح کیا کر سکتے ہیں؟,"استور: جھیلیں و ٹریکنگ، کھرمنگ: آبشاریں، ٹریکنگ، کیمپنگ، ٹراؤٹ فشنگ","استور میں سیاح جھیلوں، قدرتی مناظر اور ٹریکنگ سے لطف اندوز ہو سکتے ہیں، جبکہ کھرمنگ میں آبشاروں کی سیر، ٹریکنگ، کیمپنگ اور ٹراؤٹ مچھلی کے شکار جیسی سرگرمیاں مقبول ہیں۔","192,202",hard,multi-source,,,,,,,,,,
802,ضلع کھرمنگ کب قائم ہوا؟,2015,ضلع کھرمنگ 2015 میں ضلع اسکردو سے الگ ہو کر قائم ہوا۔,202,easy,factual,,,,,,,,,,
803,ضلع کھرمنگ کا ضلعی صدر مقام کون سا ہے؟,تولتی,تولتی ضلع کھرمنگ کا ضلعی صدر مقام ہے۔,202,easy,factual,,,,,,,,,,
804,ضلع کھرمنگ کن پھلوں کی پیداوار کے لیے مشہور ہے؟,"سیب، خوبانی، چیری","ضلع کھرمنگ سیب، خوبانی اور چیری کی پیداوار کے لیے جانا جاتا ہے۔",202,medium,list-recall,,,,,,,,,,
805,منتھوکھا آبشار کہاں واقع ہے؟,وادی کھرمنگ,منتھوکھا آبشار وادی کھرمنگ میں واقع ہے۔,203,easy,factual,,,,,,,,,,
806,کھرمنگ کے نمایاں سیاحتی مقامات میں کون سا مقام ٹراؤٹ مچھلی کے شکار اور ٹراؤٹ فارمنگ کی سہولت بھی فراہم کرتا ہے؟,منتھوکھا آبشار,ضلع کھرمنگ کے نمایاں سیاحتی مقامات میں منتھوکھا آبشار ایسا مقام ہے جہاں قریبی ندیوں میں ٹراؤٹ مچھلی کا شکار اور ٹراؤٹ فارمنگ بھی کی جاتی ہے۔,"202,203",hard,multi-source,,,,,,,,,,
807,منتھوکھا آبشار کی بلندی تقریباً کتنی ہے؟,تقریباً 180 فٹ,منتھوکھا آبشار تقریباً 180 فٹ بلند ہے۔,203,easy,factual,,,,,,,,,,
808,منتھوکھا آبشار کے قریب کون سی سرگرمیاں کی جا سکتی ہیں؟,"ٹراؤٹ مچھلی کا شکار، ٹراؤٹ فارمنگ، پکنک","منتھوکھا آبشار کے قریب ٹراؤٹ مچھلی کا شکار، ٹراؤٹ فارمنگ اور پکنک کی جا سکتی ہے۔",203,medium,list-recall,,,,,,,,,,
809,کھرمنگ میں تاریخ سے دلچسپی رکھنے والے سیاح تولتی وادی اور اولڈنگ وادی میں کیا دیکھ سکتے ہیں؟,تولتی: قدیم تجارتی راستہ؛ اولڈنگ: تاریخی گزرگاہ اور شیخ علی برولمو کا مقبرہ۔,"تولتی وادی تاریخی طور پر اسکردو اور کارگل کے درمیان تجارتی راستے کا حصہ رہی ہے، جبکہ اولڈنگ وادی بلتستان اور لداخ کے درمیان تاریخی گزرگاہ ہونے کے ساتھ شیخ علی برولمو کے مقبرے کی وجہ سے بھی اہم ہے.","206,207",hard,multi-source,,,,,,,,,,
810,منتھوکھا آبشار کی سیر کے لیے موزوں موسم کون سا ہے؟,مئی سے ستمبر,منتھوکھا آبشار کی سیر کے لیے عموماً مئی سے ستمبر کا عرصہ زیادہ موزوں سمجھا جاتا ہے۔,203,easy,factual,,,,,,,,,,
811,خاموش آبشار کہاں واقع ہے؟,وادی کھرمنگ,"خاموش آبشار وادی کھرمنگ، گلگت بلتستان میں واقع ہے۔",204,easy,factual,,,,,,,,,,
812,خاموش آبشار کے اطراف کی قدرتی خصوصیات کیا ہیں؟,"پہاڑ، سرسبز قدرتی ماحول",خاموش آبشار پہاڑوں اور سرسبز قدرتی ماحول سے گھرا ہوا ہے۔,204,medium,list-recall,,,,,,,,,,
813,گھنڈوس جھیل کے اطراف کون سی سرگرمیاں اور ثقافتی تجربہ ممکن ہے؟,"بلتی ثقافت سے آشنائی؛ ہائیکنگ، ٹریکنگ اور کیمپنگ","گھنڈوس جھیل کے اطراف پہاڑی مناظر، سبزہ، باغات اور بلتی ثقافت سے آشنائی کے مواقع موجود ہیں، جبکہ گرمیوں کا موسم ہائیکنگ، ٹریکنگ اور کیمپنگ کے لیے موزوں سمجھا جاتا ہے۔",205,medium,list-recall,,,,,,,,,,
814,"کھرمنگ میں کون سی دو جھیلیں ٹریکنگ کے ذریعے قابلِ رسائی ہیں، اور ان میں سے کس جھیل تک پہنچنے کے لیے تقریباً تین گھنٹے کی ٹریکنگ درکار ہوتی ہے؟","گھنڈوس جھیل، دومیل رینبو جھیل؛ گھنڈوس جھیل","گھنڈوس جھیل اور دومیل رینبو جھیل دونوں ٹریکنگ کے ذریعے قابلِ رسائی ہیں، جبکہ گھنڈوس جھیل تک گھنڈوس وادی سے تقریباً تین گھنٹے کی ٹریکنگ کے بعد پہنچا جاتا ہے۔","200,205",hard,multi-source,,,,,,,,,,
815,گھنڈوس جھیل کے علاقے میں کون سی سرگرمیاں کی جا سکتی ہیں؟,"ہائیکنگ، ٹریکنگ، کیمپنگ","گرمیوں میں گھنڈوس جھیل کے علاقے میں ہائیکنگ، ٹریکنگ اور کیمپنگ کی جا سکتی ہے۔",205,medium,list-recall,,,,,,,,,,
816,گھنڈوس جھیل تقریباً کتنی بلندی پر واقع ہے؟,"تقریباً 2,800 میٹر","گھنڈوس جھیل تقریباً 2,800 میٹر کی بلندی پر واقع ہے۔",205,easy,factual,,,,,,,,,,
817,گھنڈوس جھیل تک پہنچنے میں تقریباً کتنا وقت لگتا ہے؟,تقریباً تین گھنٹے کی ٹریکنگ,گھنڈوس وادی سے گھنڈوس جھیل تک تقریباً تین گھنٹے کی ٹریکنگ کے بعد پہنچا جا سکتا ہے۔,205,easy,factual,,,,,,,,,,
818,گھنڈوس جھیل کے اطراف کون سی قدرتی اور ثقافتی خصوصیات موجود ہیں؟,"پہاڑی مناظر، سبزہ، باغات، بلتی ثقافت","گھنڈوس جھیل کے اطراف پہاڑی مناظر، سبزہ، باغات اور بلتی ثقافت سے آشنائی کے مواقع موجود ہیں۔",205,medium,list-recall,,,,,,,,,,
819,تاریخی طور پر تولتی کن دو شہروں کے درمیان تجارتی راستے کا حصہ تھا؟,"اسکردو، کارگل",تاریخی طور پر تولتی اسکردو اور کارگل کے درمیان تجارتی راستے کا حصہ تھا۔,206,medium,list-recall,,,,,,,,,,
820,"ضلع کھرمنگ کا ضلعی صدر مقام کون سا ہے، اور تاریخی طور پر یہ کس تجارتی راستے کا حصہ تھا؟",تولتی؛ اسکردو اور کارگل کے درمیان تجارتی راستہ,"ضلع کھرمنگ کا ضلعی صدر مقام تولتی ہے۔ تاریخی طور پر تولتی اسکردو اور کارگل کے درمیان تجارتی راستے کا حصہ تھا، تاہم پہلی کشمیر جنگ کے بعد یہ راستہ بند ہو گیا۔","202,206",hard,multi-source,,,,,,,,,,
821,"کھرمنگ میں کون سی وادی دریاؤں کے سنگم کے قریب واقع ہے، اور کون سی وادی لائن آف کنٹرول کے قریب واقع ہے؟",تولتی وادی؛ اولڈنگ وادی۔,"تولتی وادی دریائے سندھ کے بائیں کنارے پر واقع ہے اور دریائے سندھ اور دریائے شیوک کے سنگم سے تقریباً 35 کلومیٹر جنوب مشرق میں ہے، جبکہ اولڈنگ وادی لائن آف کنٹرول کے قریب واقع ہے۔","206,207",hard,multi-source,,,,,,,,,,
822,تولتی کس ضلع کا ضلعی صدر مقام ہے؟,ضلع کھرمنگ,تولتی ضلع کھرمنگ کا ضلعی صدر مقام ہے۔,206,easy,factual,,,,,,,,,,
823,تولتی دریائے سندھ کے کس کنارے پر واقع ہے؟,بائیں کنارے پر,تولتی دریائے سندھ کے بائیں کنارے پر واقع ہے۔,206,easy,factual,,,,,,,,,,
824,تولتی وادی کن خصوصیات کی وجہ سے جانی جاتی ہے؟,"پہاڑی مناظر، دریا، روایتی دیہات، تاریخی مقامات","تولتی وادی اپنے پہاڑی مناظر، دریاؤں، روایتی دیہات اور تاریخی مقامات کی وجہ سے جانی جاتی ہے۔",206,medium,list-recall,,,,,,,,,,
825,اولڈنگ وادی میں کون کون سے پھل کاشت کیے جاتے ہیں؟,"خوبانی، سیب، انگور، شہتوت، چیری، آڑو","اولڈنگ وادی میں خوبانی، سیب، انگور، شہتوت، چیری اور آڑو کی کاشت کی جاتی ہے۔",207,medium,list-recall,,,,,,,,,,
826,"ضلع کھرمنگ میں کون سی وادی تاریخی تجارتی راستے سے وابستہ ہے، اور یہ راستہ کن علاقوں کو ملاتا تھا؟","اولڈنگ وادی؛ بلتستان، کارگل، لداخ",اولڈنگ وادی تاریخی طور پر بلتستان اور لداخ کے درمیان کارگل کے راستے تجارتی گزرگاہ کا حصہ رہی ہے۔,"202,207",hard,multi-source,,,,,,,,,,
827,"ضلع کھرمنگ کی دو ایسی وادیاں کون سی ہیں جو تاریخی یا ثقافتی اہمیت رکھتی ہیں، اور ہر ایک کی ایک نمایاں خصوصیت کیا ہے؟","تولتی وادی، اولڈنگ وادی","تولتی وادی تاریخی تجارتی راستے کا حصہ رہی ہے، جبکہ اولڈنگ وادی میں شیخ علی برولمو کا تاریخی مقبرہ واقع ہے۔","206,207",hard,multi-source,,,,,,,,,,
828,اولڈنگ وادی تقریباً کتنی بلندی پر واقع ہے؟,"تقریباً 2,644 میٹر","اولڈنگ وادی تقریباً 2,644 میٹر (8,676 فٹ) کی بلندی پر واقع ہے۔",207,easy,factual,,,,,,,,,,
829,اولڈنگ وادی کا تاریخی مقام کون سا ہے؟,شیخ علی برولمو کا مقبرہ,شیخ علی برولمو کا مقبرہ اولڈنگ وادی کا ایک تاریخی مقام ہے۔,207,easy,factual,,,,,,,,,,
830,اولڈنگ وادی میں کون سی زبانیں بولی جاتی ہیں؟,"بلتی، پورگی، اردو، انگریزی","اولڈنگ وادی میں بلتی، پورگی، اردو اور انگریزی بولی جاتی ہیں۔",207,medium,list-recall,,,,,,,,,,
831,"ضلع کھرمنگ کی کون سی وادی پہلے پارکوٹا کے نام سے جانی جاتی تھی، اور یہ اسکردو سے تقریباً کتنے فاصلے پر واقع ہے؟",مہدی آباد وادی؛ تقریباً 62 کلومیٹر,ضلع کھرمنگ کی مہدی آباد وادی پہلے پارکوٹا کے نام سے جانی جاتی تھی اور یہ اسکردو سے تقریباً 62 کلومیٹر مشرق میں واقع ہے۔,"202,208",hard,multi-source,,,,,,,,,,
832,"اگر تاریخ میں دلچسپی ہو تو ضلع کھرمنگ کی کون سی دو وادیاں دیکھنے کے قابل ہیں، اور کیوں؟","مہدی آباد وادی، تولتی وادی","مہدی آباد وادی کا سابقہ نام پارکوٹا تھا، جبکہ تولتی تاریخی طور پر اسکردو اور کارگل کے درمیان تجارتی راستے کا حصہ تھی۔","206,208",hard,multi-source,,,,,,,,,,
833,مہدی آباد وادی میں کون کون سے علاقے شامل ہیں؟,"سرلنگ، دوقبر، مہدی آباد خاص، بیڈونگ، پندہ گاؤں","مہدی آباد وادی میں سرلنگ، دوقبر، مہدی آباد خاص، بیڈونگ اور پندہ گاؤں شامل ہیں۔",208,medium,list-recall,,,,,,,,,,
834,پری وادی کس چیز کے لیے جانی جاتی ہے؟,"معلق پل، سسپولو سیب",پری وادی اپنے معلق پل اور مقامی طور پر اگائے جانے والے سسپولو سیب کے لیے جانی جاتی ہے۔,209,medium,list-recall,,,,,,,,,,
835,ضلع کھرمنگ کی کون سی وادی اپنے معلق پل کے ساتھ مقامی سسپولو سیب کے لیے بھی جانی جاتی ہے؟,پری وادی,پری وادی ضلع کھرمنگ میں واقع ہے اور اپنے معلق پل کے ساتھ مقامی طور پر اگائے جانے والے سسپولو سیب کے لیے بھی جانی جاتی ہے۔,"202,209",hard,multi-source,,,,,,,,,,
836,"ضلع کھرمنگ کی کون سی دو وادیاں پھلوں کے حوالے سے معروف ہیں، اور ہر ایک کی نمایاں پیداوار کیا ہے؟","پری وادی، اولڈنگ وادی","پری وادی مقامی طور پر اگائے جانے والے سسپولو سیب کے لیے جانی جاتی ہے، جبکہ اولڈنگ وادی میں خوبانی، سیب، انگور، شہتوت، چیری اور آڑو کی کاشت کی جاتی ہے۔","207,209",hard,multi-source,,,,,,,,,,
837,مہدی آباد وادی کا سابقہ نام کیا تھا؟,پارکوٹا,مہدی آباد وادی کا سابقہ نام پارکوٹا تھا۔,208,easy,factual,,,,,,,,,,
838,مہدی آباد وادی اسکردو سے تقریباً کتنے فاصلے پر واقع ہے؟,تقریباً 62 کلومیٹر,مہدی آباد وادی اسکردو سے تقریباً 62 کلومیٹر مشرق میں واقع ہے۔,208,easy,factual,,,,,,,,,,
839,سسپولو سیب کا نام کس مقام سے منسوب ہے؟,"سسپولو گاؤں، کارگل",سسپولو سیب کا نام کارگل کے سسپولو گاؤں سے منسوب ہے۔,210,easy,factual,,,,,,,,,,
840,سسپولو سیب کی نمایاں خصوصیات کیا ہیں؟,"کراری ساخت، رسیلا گودا، سرخ و سبز رنگت","سسپولو سیب اپنی کراری ساخت، رسیلے گودے اور سرخ و سبز رنگت کی وجہ سے پہچانے جاتے ہیں۔",209,medium,list-recall,,,,,,,,,,
841,"ضلع کھرمنگ کی کون سی وادی سسپولو سیب کے لیے مشہور ہے، اور اس مقامی قسم کی ترویج کے لیے کون سا سالانہ پروگرام منعقد کیا جاتا ہے؟",پری وادی؛ سسپولو فیسٹیول,"پری وادی سسپولو سیب کے لیے مشہور ہے، جبکہ اس مقامی قسم کی ترویج کے لیے محکمہ زراعت گلگت بلتستان ہر سال سسپولو فیسٹیول منعقد کرتا ہے۔","209,210",hard,multi-source,,,,,,,,,,
842,پری وادی میں پیدا ہونے والے سسپولو سیب کی کیا خصوصیات ہیں؟,"روایتی کاشت، خزاں میں ہاتھ سے برداشت",پری وادی کے سسپولو سیب روایتی طریقوں سے کاشت کیے جاتے ہیں اور خزاں کے موسم میں ہاتھ سے توڑے جاتے ہیں۔,"209,210",hard,multi-source,,,,,,,,,,
843,سسپولو سیب کب توڑے جاتے ہیں؟,خزاں میں,سسپولو سیب خزاں کے موسم میں ہاتھ سے توڑے جاتے ہیں۔,210,easy,factual,,,,,,,,,,
844,"قراقرم کے مختصر سفر کے دوران کون سی تاریخی شاہراہ کے آثار دیکھے جا سکتے ہیں، اور یہ سفر عموماً کن اہم مقامات پر مشتمل ہوتا ہے؟","تاریخی شاہراہ ریشم؛ گلگت، کریم آباد، خنجراب","قراقرم کے مختصر سفر میں عموماً گلگت، کریم آباد اور خنجراب درے کا سفر شامل ہوتا ہے۔ اس سفر کے دوران وادیٔ ہنزہ میں تاریخی شاہراہ ریشم کے آثار بھی بعض مقامات پر دیکھے جا سکتے ہیں۔","126,127",hard,multi-source,,,,,,,,,,
845,"عطاء آباد جھیل کس قدرتی واقعے کے نتیجے میں بنی، اور بعد میں سفری سہولت بہتر بنانے کے لیے کیا تعمیر کیا گیا؟","لینڈ سلائیڈ، سرنگیں","عطاء آباد جھیل 2010 میں لینڈ سلائیڈ کے نتیجے میں وجود میں آئی، جبکہ بعد میں علاقے میں محفوظ اور مسلسل سڑک رسائی بحال کرنے کے لیے سرنگیں تعمیر کی گئیں۔","121,129",hard,multi-source,,,,,,,,,,
846,سسپولو سیب کی ترویج کے لیے کیا اقدام کیا جاتا ہے؟,سالانہ سسپولو فیسٹیول,مقامی سسپولو سیب کی ترویج کے لیے محکمہ زراعت گلگت بلتستان ہر سال سسپولو فیسٹیول منعقد کرتا ہے۔,210,easy,factual,,,,,,,,,,
847,سسپولو سیب کی کاشت سے متعلق کون سی نمایاں خصوصیات  ہیں؟,"روایتی کاشت، خزاں میں ہاتھ سے برداشت",سسپولو سیب روایتی طریقوں سے کاشت کیے جاتے ہیں اور خزاں کے موسم میں ہاتھ سے توڑے جاتے ہیں۔,210,medium,list-recall,,,,,,,,,,
848,جیمز اینڈ ہینڈی کرافٹ مارکیٹ کہاں واقع ہے؟,گلگت کے چنار باغ میں,یہ مارکیٹ گلگت کے چنار باغ علاقے میں دریائے گلگت کے کنارے جی ڈی اے فیملی پارک کے سامنے واقع ہے۔,211,easy,factual,,,,,,,,,,
849,جیمز مارکیٹ کا باقاعدہ افتتاح کب ہوا؟,اگست 2023 میں,اس مارکیٹ کا باقاعدہ افتتاح اگست 2023 میں ہوا۔,211,easy,factual,,,,,,,,,,
850,افتتاح کے وقت جیمز مارکیٹ میں کتنی دکانیں تھیں؟,تقریباً 24,افتتاح کے وقت اس مارکیٹ میں تقریباً 24 دکانیں موجود تھیں۔,211,easy,factual,,,,,,,,,,
851,جیمز مارکیٹ کس کس ادارے کا مشترکہ منصوبہ ہے اور یہاں دکانیں کون چلاتا ہے؟,"GDA اور WCCI، مقامی خواتین",یہ مارکیٹ گلگت ڈیولپمنٹ اتھارٹی اور ویمن چیمبر آف کامرس اینڈ انڈسٹری کا مشترکہ منصوبہ ہے اور یہاں زیادہ تر دکانیں مقامی خواتین چلاتی ہیں۔,211,medium,list-recall,,,,,,,,,,
852,گلگت شہر کے مرکز سے جیمز مارکیٹ کتنے وقت میں پہنچا جا سکتا ہے؟,5 سے 10 منٹ,گلگت شہر کے مرکز سے یہ بازار گاڑی یا شٹل کے ذریعے تقریباً 5 سے 10 منٹ کی مسافت پر واقع ہے۔,212,easy,factual,,,,,,,,,,
853,جیمز مارکیٹ میں پارکنگ کی سہولت موجود ہے؟,"ہاں، چھوٹی پارکنگ",مارکیٹ میں ایک چھوٹی پارکنگ کی سہولت موجود ہے۔,212,easy,factual,,,,,,,,,,
854,جیمز مارکیٹ میں قیمتی پتھر خریدتے وقت خریدار کو کس بات کا خیال رکھنا چاہیے؟,لیب ٹیسٹ رپورٹ یا گارنٹی کارڈ,قیمتی پتھر خریدتے وقت لیب ٹیسٹ رپورٹ یا گارنٹی کارڈ لینا ضروری ہے۔,213,easy,factual,,,,,,,,,,
855,جیمز مارکیٹ آنے کا بہترین وقت دن میں کب ہے؟,صبح سویرے,مارکیٹ آنے کا بہترین وقت صبح سویرے کا ہے جب کاریگر خود موجود ہوتے ہیں اور نیا سامان دکانوں پر سجایا جا رہا ہوتا ہے۔,213,easy,factual,,,,,,,,,,
856,جیمز مارکیٹ جانے کا بہترین وقت کون سا ہے؟,اپریل سے اکتوبر,مجموعی طور پر اپریل سے اکتوبر کا عرصہ سب سے موزوں ہے جب موسم خوشگوار اور مارکیٹ پوری طرح فعال رہتی ہے۔,214,easy,factual,,,,,,,,,,
857,جشن گلگت کے دوران مارکیٹ میں کیا خاص ہوتا ہے؟,خاص دستکاری اور پرجوش ماحول,جشن گلگت جیسے تہواروں کے دوران خاص دستکاری اور پرجوش ماحول دیکھنے کو ملتا ہے۔,214,easy,factual,,,,,,,,,,
858,جیمز مارکیٹ مختلف موسموں میں کیسی رہتی ہے؟,"بہار خنک، گرمی تیز دھوپ، خزاں معتدل، سردی میں اوقات کم",بہار میں موسم خنک اور گھومنے کے لیے موزوں ہے۔ گرمیوں میں دھوپ تیز ہوتی ہے اس لیے صبح کی سیر بہتر ہے۔ خزاں میں موسم معتدل ہوتا ہے اور سردیوں میں مارکیٹ کھلی رہتی ہے لیکن بعض دکاندار اوقات کم کر سکتے ہیں۔,214,medium,list-recall,,,,,,,,,,
859,سرینا ہوٹل سے جیمز مارکیٹ کتنی دور ہے؟,"1 کلومیٹر، پیدل 5 منٹ",سرینا ہوٹل سے مارکیٹ صرف ایک کلومیٹر دور ہے جو پیدل تقریباً 5 منٹ میں پہنچا جا سکتا ہے۔,215,easy,factual,,,,,,,,,,
860,گلگت بازار سے جیمز مارکیٹ کتنے وقت میں پہنچا جا سکتا ہے؟,"8 منٹ، 2 کلومیٹر",گلگت بازار سے مارکیٹ تک 2 کلومیٹر کا فاصلہ ہے جو عام طور پر 8 منٹ میں طے ہوتا ہے۔,215,easy,factual,,,,,,,,,,
861,گلگت کے مختلف مقامات سے جیمز مارکیٹ کتنی دور ہے؟,"ایئرپورٹ 6 کلومیٹر، سرینا 1 کلومیٹر، بازار 2 کلومیٹر","گلگت ایئرپورٹ سے 6 کلومیٹر یعنی 15 منٹ، سرینا ہوٹل سے 1 کلومیٹر یعنی پیدل 5 منٹ، اور گلگت بازار سے 2 کلومیٹر یعنی 8 منٹ کی دوری پر ہے۔",215,medium,list-recall,,,,,,,,,,
862,دانیور گلگت سے کتنی دوری پر ہے؟,"تقریباً 15 کلومیٹر، 10 منٹ",دانیور گلگت شہر سے تقریباً 15 کلومیٹر دور ہے اور گاڑی سے 10 منٹ میں پہنچا جا سکتا ہے۔,217,easy,factual,,,,,,,,,,
863,دانیور میں گرمیوں میں کون سی جگہ مقبول ہے؟,دانیور چشمہ,گرمیوں میں دانیور چشمہ سیاحوں کی توجہ کا مرکز بنتا ہے۔,217,easy,factual,,,,,,,,,,
864,دانیور میں کون کون سے تاریخی اور ثقافتی مقامات ہیں؟,"مزار، چینی قبرستان، قدیم کتبے، سسپنشن برج","دانیور میں حضرت شاہ سلطان علی عارف کا مزار، چینی قبرستان، چیکاس کے قدیم کتبے اور دانیور سسپنشن برج قابل دید مقامات ہیں۔",217,medium,list-recall,,,,,,,,,,
865,جوتیال نالہ گلگت سے کتنی دور ہے؟,"15 کلومیٹر، 15 سے 30 منٹ",جوتیال نالہ گلگت شہر کے مرکز سے تقریباً 15 کلومیٹر دور ہے اور 15 سے 30 منٹ میں پہنچا جا سکتا ہے۔,218,easy,factual,,,,,,,,,,
866,جوتیال نالہ فوٹوگرافی کے شوقین افراد میں کیوں مقبول ہے؟,قدرتی مناظر اور بہتے پانی کی آواز,"قدرتی مناظر، بہتے پانی کی آواز اور خوبصورت پس منظر کی وجہ سے یہ فوٹوگرافی کے شوقین افراد میں مقبول ہے۔",218,easy,factual,,,,,,,,,,
867,دانیور سسپنشن برج کتنا لمبا ہے؟,510 فٹ,دانیور سسپنشن برج 510 فٹ لمبا ہے۔,219,easy,factual,,,,,,,,,,
868,دانیور سسپنشن برج اب کس کے لیے استعمال ہوتا ہے؟,صرف پیدل چلنے والوں کے لیے,یہ پل اب صرف پیدل گزرنے کے لیے استعمال ہوتا ہے۔,219,easy,factual,,,,,,,,,,
869,این ایل آئی مارکیٹ گلگت سے کتنی دور ہے؟,"10 کلومیٹر، 15 سے 20 منٹ",این ایل آئی مارکیٹ گلگت شہر سے تقریباً 10 کلومیٹر دور ہے اور 15 سے 20 منٹ میں پہنچا جا سکتا ہے۔,220,easy,factual,,,,,,,,,,
870,این ایل آئی مارکیٹ سیاحوں کے لیے کیوں مفید ہے؟,یادگاری تحائف اور مقامی مصنوعات,سیاحوں کے لیے یادگاری تحائف اور مقامی چیزیں خریدنے کے لیے این ایل آئی مارکیٹ ایک بہترین جگہ ہے۔,220,medium,list-recall,,,,,,,,,,
871,این ایل آئی مارکیٹ میں کیا کیا دستیاب ہے؟,"دستکاری، اون، قیمتی پتھر، یادگاری تحائف","این ایل آئی مارکیٹ میں روایتی دستکاری، مقامی اون سے بنی اشیاء، قیمتی پتھر اور دیگر مقامی مصنوعات دستیاب ہیں۔",220,medium,list-recall,,,,,,,,,,
872,گلگت ایئرپورٹ شہر سے کتنی دور ہے؟,"5 کلومیٹر، 10 منٹ",گلگت ایئرپورٹ شہر کے مرکز سے محض 5 کلومیٹر کے فاصلے پر واقع ہے جہاں گاڑی کے ذریعے صرف 10 منٹ میں پہنچا جا سکتا ہے۔,221,easy,factual,,,,,,,,,,
873,سٹی پارک گلگت کہاں واقع ہے اور اس کی کیا خاصیت ہے؟,"شہر کے وسط میں، پہاڑی نظارے اور چہل قدمی",سٹی پارک گلگت شہر کے بالکل بیچوں بیچ واقع ہے جو خوبصورت پہاڑی نظاروں کے ساتھ چہل قدمی اور پرسکون وقت گزارنے کے لیے ایک بہترین جگہ ہے۔,221,medium,list-recall,,,,,,,,,,
874,گلگت ایئرپورٹ اور سٹی پارک میں سیاحوں کے لیے کیا کیا ہے؟,"ایئرپورٹ مرکزی فضائی گیٹ وے، پارک پہاڑی نظارے اور چہل قدمی",گلگت ایئرپورٹ بلند پہاڑوں میں گھرا مرکزی فضائی گیٹ وے ہے جبکہ سٹی پارک شہر کے وسط میں پہاڑی نظاروں کے ساتھ چہل قدمی اور آرام کے لیے ایک پرسکون مقام ہے۔,221,medium,list-recall,,,,,,,,,,
875,"دانیور سسپنشن برج تک کیسے پہنچا جا سکتا ہے، اور وہاں کیا دیکھا جا سکتا ہے؟","دانیور 15 کلومیٹر 10 منٹ، برج 510 فٹ قدیم ترین پیدل پل",دانیور گلگت سے 15 کلومیٹر دور ہے اور گاڑی سے 10 منٹ میں پہنچا جا سکتا ہے۔ وہاں 510 فٹ لمبا دانیور سسپنشن برج موجود ہے جو پاکستان کے قدیم ترین معلق پلوں میں سے ایک ہے اور اب صرف پیدل گزرنے کے لیے استعمال ہوتا ہے۔,"217,219",hard,multi-source,,,,,,,,,,
876,گلگت شہر سے جیمز مارکیٹ تک پہنچنے کے کیا راستے اور سہولیات ہیں اور قریب ترین ہوٹل سے کتنا وقت لگتا ہے؟,"KKH سے دریا کنارے، 5-10 منٹ، سرینا سے پیدل 5 منٹ",شاہراہ قراقرم سے دریائے گلگت کے کنارے سے گزر کر مارکیٹ پہنچا جا سکتا ہے۔ گلگت مرکز سے 5 سے 10 منٹ لگتے ہیں اور پیدل آنے کی سہولت بھی ہے۔ سرینا ہوٹل قریب ترین ہے جو صرف ایک کلومیٹر یعنی پیدل 5 منٹ کی دوری پر ہے۔,"212,215",hard,multi-source,,,,,,,,,,
877,جیمز مارکیٹ جانے کا بہترین وقت اور طریقہ کیا ہے تاکہ زیادہ سے زیادہ فائدہ اٹھایا جا سکے؟,"اپریل-اکتوبر، صبح جائیں، گارنٹی کارڈ لیں، مول بھاؤ کریں",اپریل سے اکتوبر کا عرصہ سب سے موزوں ہے۔ صبح سویرے جانا بہتر ہے جب کاریگر موجود ہوں۔ قیمتی پتھر خریدتے وقت گارنٹی کارڈ ضرور لیں اور شائستگی سے مول بھاؤ کریں۔,"213,214",hard,multi-source,,,,,,,,,,
878,گلگت بلتستان کے روایتی گوشت والے پکوان کون سے ہیں؟,"ہریسہ، مانتو، شا پھالے، شپتا","گلگت بلتستان کے معروف روایتی گوشت والے پکوانوں میں ہریسہ، مانتو، شا پھالے اور شپتا شامل ہیں۔",222,medium,list-recall,,,,,,,,,,
879,ہریسہ کن اجزا سے تیار کیا جاتا ہے؟,گندم اور بکرے یا مرغی کا گوشت,ہریسہ گندم اور عموماً بکرے یا مرغی کے گوشت کو کئی گھنٹے تک آہستہ آہستہ پکا کر تیار کیا جاتا ہے۔,222,easy,factual,,,,,,,,,,
880,مانتو کے اندر کیا بھرا جاتا ہے؟,"قیمہ، پیاز اور مصالحے","مانتو کے اندر قیمہ، پیاز اور مصالحے بھرے جاتے ہیں۔",222,easy,factual,,,,,,,,,,
881,گُرگُر چائے کن اجزا سے تیار کی جاتی ہے؟,"چائے کی پتی، دودھ، مکھن اور بعض اوقات نمک","گُرگُر چائے چائے کی پتی، دودھ، مکھن (بٹر) اور بعض اوقات نمک کے ساتھ تیار کی جاتی ہے۔",223,easy,factual,,,,,,,,,,
882,ٹراؤٹ مچھلی عام طور پر کیسے پکائی جاتی ہے؟,گرل یا باربی کیو,ٹراؤٹ مچھلی کو مقامی مصالحوں کے ساتھ تیار کر کے گرل یا باربی کیو کیا جاتا ہے۔,223,easy,factual,,,,,,,,,,
883,گلگت بلتستان میں جنگلی جانور عموماً کن مقامات پر پائے جاتے ہیں؟,"قومی پارک، جنگلی حیات کی پناہ گاہیں، محفوظ علاقے","گلگت بلتستان میں مختلف قومی پارکوں، جنگلی حیات کی پناہ گاہوں اور محفوظ علاقوں میں ان جانوروں کے قدرتی مسکن موجود ہیں۔",225,easy,factual,,,,,,,,,,
884,گلگت بلتستان کے روایتی سوپ کون سے ہیں؟,"چھرپی سوپ، نیٹل سوپ","چھرپی سوپ روایتی پنیر، سبزیوں اور جڑی بوٹیوں سے تیار کیا جاتا ہے جبکہ نیٹل سوپ جنگلی  بوٹی، پیاز اور لہسن سے بنایا جاتا ہے۔",223,medium,list-recall,,,,,,,,,,
885,چھرپی سوپ کن چیزوں سے بنایا جاتا ہے؟,"روایتی پنیر، سبزیاں اور جڑی بوٹیاں","چھرپی سوپ روایتی پنیر، سبزیوں اور جڑی بوٹیوں سے تیار کیا جاتا ہے۔",223,medium,list-recall,,,,,,,,,,
886,فامدے کن چیزوں سے بنایا جاتا ہے؟,"چاول، مکھن، چینی اور خشک میوہ جات","فامدے چاول، مکھن، چینی اور خشک میوہ جات سے بنایا جاتا ہے۔",224,medium,list-recall,,,,,,,,,,
887,گلگت بلتستان کے روایتی میٹھوں میں فامدے اور فینی میں کیا فرق ہے؟,"فامدے کے اجزا، فینی کی تیاری","فامدے چاول، مکھن، چینی اور خشک میوہ جات سے بنایا جاتا ہے جبکہ فینی باریک آٹے کی تہوں کو تل کر تیار کی جاتی ہے۔",224,medium,list-recall,,,,,,,,,,
888,ہوپر وادی کس وجہ سے مشہور ہے؟,"قدرتی مناظر، گلیشیئرز",ہوپر وادی اپنے قدرتی مناظر اور متعدد گلیشیئرز کی وجہ سے مشہور ہے۔,226,easy,factual,,,,,,,,,,
889,حسینی سسپنشن برج کس دریا پر واقع ہے؟,دریائے ہنزہ,حسینی سسپنشن برج دریائے ہنزہ پر واقع ایک معلق پل ہے۔,227,easy,factual,,,,,,,,,,
890,گلگت بلتستان میں کون سے جنگلی جانور دیکھنے کو مل سکتے ہیں؟,"برفانی چیتا، مارخور، ہمالیائی آئی بیکس، مشک ہرن، ہمالیائی بھورا ریچھ، بھیڑیا","گلگت بلتستان میں برفانی چیتا، مارخور، ہمالیائی آئی بیکس، مشک ہرن، ہمالیائی بھورا ریچھ اور بھیڑیا جیسے نایاب جنگلی جانور پائے جاتے ہیں۔",225,medium,list-recall,,,,,,,,,,
891,خا بسی باغ اور  کس نام سے جانا جاتا ہے؟,رائل گارڈن التیت,خا بسی باغ کو رائل گارڈن التیت بھی کہا جاتا ہے۔,229,easy,factual,,,,,,,,,,
892,ہوپر وادی میں کون سے نمایاں گلیشیئر واقع ہیں؟,"برپو، میار، درانسی، گینتور","ہوپر وادی میں برپو، میار، درانسی اور گینتور (سپلٹر) گلیشیئر واقع ہیں۔",226,medium,list-recall,,,,,,,,,,
893,حسینی سسپنشن برج سے کن قدرتی مقامات کے مناظر دیکھے جا سکتے ہیں؟,"دریائے ہنزہ، پاسو کونز",حسینی سسپنشن برج سے دریائے ہنزہ اور پاسو کونز کے خوبصورت مناظر دیکھے جا سکتے ہیں۔,227,medium,list-recall,,,,,,,,,,
894,گنیش گاؤں کس وجہ سے مشہور ہے؟,تاریخی و ثقافتی اہمیت,گنیش گاؤں ہنزہ کی قدیم ترین آبادیوں میں شمار ہوتا ہے اور اپنی تاریخی و ثقافتی اہمیت کے لیے مشہور ہے۔,228,medium,list-recall,,,,,,,,,,
895,اوگرچ وادی کس قدرتی خصوصیت کے لیے مشہور ہے؟,قدیم جونیپر کے جنگلات,اوگرچ وادی اپنے قدیم جونیپر کے جنگلات کے لیے مشہور ہے۔,230,easy,factual,,,,,,,,,,
896,گنیش گاؤں میں کون سی تاریخی تعمیرات موجود ہیں؟,"قدیم مساجد، نگرانی کے برج، حفاظتی دیواریں","گنیش گاؤں میں قدیم مساجد، نگرانی کے برج اور حفاظتی دیواریں موجود ہیں۔",228,medium,list-recall,,,,,,,,,,
897,اونڈرا پوئیگاہ کہاں واقع ہے؟,"گلمت، ہنزہ",اونڈرا پوئیگاہ ہنزہ کے گاؤں گلمت میں واقع ہے۔,231,easy,factual,,,,,,,,,,
898,خا بسی باغ میں کون سے پھلدار درخت پائے جاتے ہیں؟,"خوبانی، چیری، بادام، شہتوت","خا بسی باغ میں خوبانی، چیری، بادام اور شہتوت کے درخت پائے جاتے ہیں۔",229,medium,list-recall,,,,,,,,,,
899,اوگرچ وادی میں کون سے تاریخی مقامات موجود ہیں؟,"قلعہ، نگرانی کا برج، جماعت خانہ","اوگرچ وادی میں ایک تاریخی قلعہ، نگرانی کا برج اور قدیم جماعت خانہ موجود ہے۔",230,medium,list-recall,,,,,,,,,,
900,اونڈرا قلعے سے کن مقامات کے مناظر دیکھے جا سکتے ہیں؟,"عطاآباد جھیل، گلمت، پاسو کونز، ششپر چوٹی، غلکن گاؤں، غلکن گلیشیئر","اونڈرا قلعے سے عطاآباد جھیل، گلمت، پاسو کونز، ششپر چوٹی، غلکن گاؤں اور غلکن گلیشیئر کے خوبصورت مناظر دیکھے جا سکتے ہیں۔",231,medium,list-recall,,,,,,,,,,
,,,,,,,,,,,,,,,,
,,,,,,,,,,,,,,,,
,,,,,,,,,,,,,,,,
,,,,,,,,,,,,,,,,
,,,,,,,,,,,,,,,,
,,,,,,,,,,,,,,,,
,,,,,,,,,,,,,,,,
,,,,,,,,,,,,,,,,
,,,,,,,,,,,,,,,,
,,,,,,,,,,,,,,,,
,,,,,,,,,,,,,,,,
,,,,,,,,,,,,,,,,
,,,,,,,,,,,,,,,,
,,,,,,,,,,,,,,,,
,,,,,,,,,,,,,,,,
,,,,,,,,,,,,,,,,
,,,,,,,,,,,,,,,,
,,,,,,,,,,,,,,,,
,,,,,,,,,,,,,,,,
,,,,,,,,,,,,,,,,
,,,,,,,,,,,,,,,,
,,,,,,,,,,,,,,,,
,,,,,,,,,,,,,,,,
,,,,,,,,,,,,,,,,
,,,,,,,,,,,,,,,,
,,,,,,,,,,,,,,,,
,,,,,,,,,,,,,,,,
,,,,,,,,,,,,,,,,
,,,,,,,,,,,,,,,,
,,,,,,,,,,,,,,,,
,,,,,,,,,,,,,,,,
,,,,,,,,,,,,,,,,
